NET SW,NET LW,EH,EE,melt [cm ice eq. day],hourly albedo,TEMP,RH,Wind Speed
0,-74.647,33.059,5.9357,-1.0058,NaN,10.705,55.425,3.2045
0,-77.125,5.3592,0.29292,-2.0162,NaN,11.785,46.69,2.3817
0,-77.455,0,-0,-2.185,NaN,12.8,39.895,1.1663
0,-75.935,0,-0,-2.1421,NaN,12.955,40.748,0.81825
0,-74.502,0,-0,-2.1017,NaN,12.68,39.455,0.7105
0,-76.862,0,0,-2.1683,NaN,12.197,43.44,1.2348
10.25,-78.323,0.025098,0.004715,-1.9195,0.75449,11.457,53.628,2.009
70,-47.549,6.6916,0.50713,0.8364,0.68645,12.178,46.54,2.4598
173,16.475,7.9185,0.42384,5.5804,0.62061,12.332,45.095,2.5137
277.75,96.25,22.871,-0.20973,11.19,0.58867,12.598,41.495,2.9695
369.5,164.58,32.193,-0.26956,15.967,0.56796,12.228,42.565,3.2045
439,216.9,33.838,-1.6091,19.412,0.5569,12.742,39.335,3.2588
473.25,247.78,42.927,1.093,21.582,0.55511,11.37,46.59,3.4887
466.5,265.6,71.862,5.5318,22.836,0.56392,10.905,50.287,4.356
429.75,272.65,70.781,4.1172,21.927,0.57733,13.45,42.335,4.1552
375,247.82,103.68,3.8776,20.604,0.58904,12.515,43.855,5.0715
292,204.12,68.225,10.458,16.215,0.60963,12.467,49.287,4.1355
197,130.48,66.161,2.3251,11.17,0.64035,13.375,41.462,4.0473
96.25,41.567,39.353,7.0544,5.1969,0.70498,14.715,44.883,3.435
19.5,-19.678,56.72,14.785,2.0121,0.844,13.817,50.808,3.817
0,-77.278,88.649,16.638,0.79013,NaN,12.598,50.517,4.6597
0,-86.55,85.985,11.303,0.30292,NaN,12.473,48.275,4.6013
0,-87.375,68.697,-18.662,-1.0534,NaN,12.61,29.427,4.1405
0,-82.505,25.639,-7.6016,-1.8186,NaN,12.735,27.925,3.048
0,-66.525,0,-0,-1.8766,NaN,12.985,27.11,2.0725
0,-57.43,0.43209,-0.16126,-1.6124,NaN,13.982,20.948,2.2737
0,-52.257,0,-0,-1.4742,NaN,13.945,20.912,1.9405
0,-46.69,13.984,-4.4401,-1.0479,NaN,13.185,25.678,2.754
0,-34.902,13.655,-2.5173,-0.67038,NaN,9.6975,42.925,2.553
0,-59.067,33.103,-3.3464,-0.82684,NaN,8.985,49.102,3.2145
8,-58.782,60.502,-12.94,-0.090861,0.75,9.565,42.16,4.1355
66.5,-28.33,32.97,-12.856,1.6442,0.68595,10.982,29.297,3.2045
167.75,38.1,68.431,-19.434,7.1892,0.62367,13.25,27.045,4.1063
269.75,116.8,69.923,-24.637,12.182,0.5916,12.648,25.617,4.17
361.25,165.83,35.535,-6.4391,15.689,0.56968,14.755,27.973,3.3515
429.5,206.55,34.234,4.035,19.022,0.55892,14.082,43.528,3.3027
465.25,237.25,44.791,8.3053,21.315,0.55785,10.402,56.582,3.5625
464.5,235.3,14.745,4.7084,20.29,0.56497,13.69,53.838,2.8028
428.25,243.9,36.889,12.596,20.357,0.57766,13.973,54.188,3.3615
376.5,207.83,96.961,53.835,20.738,0.5883,12.765,66.963,4.8608
296.75,154.02,86.12,52.485,16.626,0.60747,10.927,73.858,4.7922
202.25,83.575,95.376,62.163,12.507,0.63575,10.445,76.89,5.179
101.25,7.835,109.5,22.231,6.7933,0.69365,10.473,57.145,5.6498
22.5,-44.968,102.63,-34.217,1.2962,0.82353,10.915,32.045,5.3165
0,-87.64,108.49,-55.421,-0.97528,NaN,9.77,28.657,5.8212
0,-95.35,96.321,-58.92,-1.6347,NaN,9.4325,25.818,5.4685
0,-94.4,94.171,-65.456,-1.853,NaN,9.19,23.422,5.4588
0,-87.6,54.021,-38.583,-2.0357,NaN,9.93,19.227,3.881
0,-83.2,58.068,-40.726,-1.8578,NaN,9.945,19.718,4.0133
0,-83.05,49.555,-38.109,-2.0199,NaN,9.7125,17.85,3.7485
0,-80.583,33.552,-21.83,-1.9425,NaN,10.713,18.752,3.2193
0,-82.35,44.378,-28.337,-1.8705,NaN,10.307,20.91,3.5528
0,-76.71,31.418,-22.147,-1.9024,NaN,10.172,18.582,3.1507
0,-78.333,33.762,-27.266,-2.0265,NaN,9.165,18.828,3.234
8.25,-79.043,10.235,-8.1029,-1.9369,0.7963,9.495,17.898,2.4158
65.25,-64.77,0,-0,0.013541,0.70608,12.777,20.725,1.083
166.5,-13.2,0,-0,4.3245,0.63467,13.5,19.562,1.4163
271.75,71.875,0,-0,9.6935,0.59771,11.997,24.58,1.8767
384,151.75,24.245,-7.9737,15.572,0.55284,9.572,37.237,2.9105
485.25,244.85,30.923,-8.4249,21.231,0.51158,7.7733,47.233,3.1705
506.25,310.75,14.995,-4.614,23.34,0.52709,9.83,37.138,2.6067
492.5,354.25,3.3555,-0.85707,23.957,0.54451,12.643,30.078,2.3567
444.5,364.02,33.61,3.3866,23.852,0.56729,12.545,46.675,3.2485
378.75,330.33,48.224,12.373,21.712,0.58584,13.845,50.55,3.6212
287.25,245.95,49.543,8.2875,16.673,0.61815,12.452,49.968,3.6553
178.25,139.38,66.704,19.139,11.382,0.67752,11.398,58.242,4.16
63,4.5125,48.217,5.2167,3.4119,0.80837,11.045,51.255,3.6455
0,-60.273,54.071,-14.713,-0.59,NaN,12.365,30.13,3.773
0,-86.05,28.159,-12.172,-1.9765,NaN,12.527,22.315,3.1068
0,-92.775,9.7693,-5.0075,-2.4828,NaN,12.67,18.2,2.5968
0,-68.305,3.2117,-1.2228,-1.8708,NaN,11.99,26.337,2.303
0,-60.738,19.214,-3.9391,-1.2825,NaN,9.109,44.292,2.7243
0,-49.582,32.487,-12.439,-0.83317,NaN,10.925,29.812,3.1898
0,-34.953,92.876,-19.106,1.095,NaN,10.235,40.055,5.1398
0,-42.095,98.289,-4.4427,1.4599,NaN,9.705,48.85,5.4635
0,-58.16,64.883,-2.6647,0.11448,NaN,9.47,49.85,4.302
0,-55.51,58.571,-2.3974,0.018717,NaN,9.3625,50.237,4.0915
0,-55.457,66.302,7.9745,0.53087,NaN,8.403,60.31,4.5473
11.75,-62.625,76.187,0.25694,0.7213,0.65942,8.461,55.365,4.9443
101.25,-77.546,86.135,11.692,3.4284,0.51671,8.7175,59.852,5.2823
216,2,82.743,11.854,8.8183,0.50288,8.5625,60.69,5.1893
321.5,66.95,51.965,3.7947,12.531,0.50232,7.53,61.648,4.1113
405.25,117.75,58.27,3.3878,16.493,0.50654,7.6545,60.595,4.3708
422.75,144.73,73.17,18.239,18.587,0.52042,8.5825,64.948,4.7875
352.5,40.9,137.39,40.866,16.126,0.55153,9.297,64.725,7.1502
418.5,33.525,175.5,21.607,18.312,0.55691,11.178,51.53,7.6435
415,88.25,99.665,0.37956,17.019,0.57739,11.815,44.302,5.0617
350.25,108.8,41.782,14.632,14.541,0.59625,10.05,64.782,3.479
269.5,67.675,48.174,18.38,11.389,0.62879,10.22,65.668,3.675
68.75,15.147,204.61,6.9192,8.3339,0.62534,9.5275,52.83,9.12
17.25,13.516,120.61,-19.022,3.7336,0.61667,8.8375,47.325,6.6837
11,7.1925,18.25,-7.8489,0.80662,0.61404,7.276,43.607,2.641
0,9.211,103.43,-41.838,1.9973,NaN,7.962,41.16,6.3602
0,-3.115,177.51,-99.44,2.1145,NaN,7.8345,35.675,9.6218
0,-5.8688,182.3,-107.88,1.9338,NaN,7.6992,35.16,10.055
0,-49.057,195.92,-124.44,0.63256,NaN,7.905,32.358,10.525
0,-78.718,149.67,-96.189,-0.71206,NaN,7.195,36.037,8.8335
0,-90,119.61,-66.133,-1.0302,NaN,5.658,48.752,8.9775
0,-90.8,108.31,-61.647,-1.245,NaN,5.0755,52.215,9.0625
0,-95.15,96.156,-11.265,-0.2894,NaN,4.8223,67.452,8.4677
0,-97.625,85.466,-5.671,-0.50299,NaN,4.2523,72.008,8.5352
0,-94.125,86.35,-127.87,-3.8264,NaN,4.1718,34.427,8.79
13.75,-92.082,76.918,-138.24,-3.9397,0.61538,3.7732,31.402,8.6568
105.5,-96.993,77.376,-135.73,-1.4062,0.52531,4.3117,25.247,7.6208
215.75,-76.175,84.728,-127.23,2.7384,0.52504,4.7595,27.045,7.5598
326,-48.3,73.497,-101.79,7.0356,0.51632,4.8182,29.852,6.4778
414,-23.25,67.634,-75.882,10.79,0.5148,4.6818,38.97,6.1347
446.5,3.225,67.276,-14.995,14.161,0.53099,4.5873,65.705,6.228
459.5,-4.425,62.419,26.933,15.358,0.55291,4.12,86,6.4337
309.5,-18.55,66.407,37.998,11.153,0.6018,3.8015,90.575,7.4183
184.25,-104.31,78.865,56.796,6.0821,0.6653,3.6645,94.55,9.1393
129.75,6.8,72.448,57.037,7.5048,0.65354,2.91,97.275,10.572
77.75,-2.755,95.462,80.485,7.079,0.65711,3.2945,98,12.305
60,10.36,117.37,103.38,8.2122,0.65116,3.7175,98.425,13.408
34.75,12.305,96.539,83.306,6.4008,0.6445,3.1445,98.6,13.037
11,8.5225,75.363,64.323,4.4912,0.64516,2.6792,98.85,11.945
1,3.9325,77.611,67.62,4.236,0.71429,2.2947,99.475,14.363
0,7.2952,57.072,49.427,3.2101,NaN,2.3115,99.375,10.485
0,-9.621,35.906,30.12,1.5912,NaN,1.683,99.4,9.06
0,-1.1678,28.167,24.225,1.445,NaN,1.774,99.625,6.7427
0,-1.678,24.684,21.041,1.2426,NaN,1.768,99.525,5.929
0,-11.911,14.209,11.974,0.40262,NaN,1.3837,99.625,4.3608
0,-31.761,19.931,13.797,0.05548,NaN,1.3145,98.1,6.4387
0,-15.968,15.538,12.415,0.3381,NaN,1.1335,99.35,5.8213
0,-49.763,21.07,6.0894,-0.63762,NaN,1.1675,94.575,7.664
0,-39.797,20.512,9.379,-0.27946,NaN,1.4487,95.225,6.0125
3,-8.709,42.121,-24.77,0.3284,0.73913,2.9367,68.845,6.0907
47.75,-46.44,56.909,-38.838,0.54673,0.57175,3.9583,57.685,6.1055
112,-70.838,72.368,-44.423,1.9495,0.54975,4.0812,58.46,7.53
299.25,-56.525,84.057,-0.63652,9.2005,0.52911,5.3095,68.325,6.723
380.5,-39.2,78.922,21.359,12.457,0.52894,5.0442,78.118,6.6442
448.25,-0.55,83.948,24.987,15.702,0.52791,5.0175,79.042,7.105
482.25,3.25,115.39,25.373,17.667,0.53316,5.6277,74.27,8.7075
477,13.65,98.048,27.429,17.381,0.54722,6.1575,74.32,6.762
430.75,44.325,72.752,22.214,16.081,0.56882,6.225,74.97,5.7037
364.75,29.575,67.22,25.414,13.737,0.59028,6.0575,78.042,5.4637
282,14.35,63.065,25.339,10.854,0.624,6.5997,77.147,4.949
186.25,-11.45,95.119,37.093,8.6607,0.66198,7.5093,73.9,6.1973
78.5,-32.782,94.796,41.535,5.1355,0.74759,6.9883,77.29,6.4925
2.5,-52.31,69.843,33.496,1.5101,0.97738,6.3287,80.728,5.4688
0,-59.53,53.199,27.369,0.59348,NaN,6.4367,81.65,4.4642
0,-58.95,35.604,20.032,-0.093486,NaN,6.581,82.975,3.4937
0,-63.615,37.881,18.803,-0.19551,NaN,6.9863,79.453,3.5478
0,-62.147,40.941,21.979,0.0218,NaN,6.813,81.42,3.7237
0,-64.112,45.688,21.561,0.088487,NaN,7.3567,77.482,3.8563
0,-65.438,29.456,10.761,-0.71146,NaN,7.611,72.638,3.1165
0,-69.565,7.1758,2.549,-1.6881,NaN,8.028,70.955,2.1905
0,-71.06,13.225,4.1513,-1.5144,NaN,8.091,69.117,2.455
0,-69.015,7.1505,1.7266,-1.6965,NaN,9.3475,62.21,2.283
0,-71.355,42.246,10.326,-0.52986,NaN,8.4725,65.105,3.5773
8,-71.832,64.769,5.0423,0.16866,0.7193,9.2123,55.762,4.3362
86.75,-52.33,44.126,5.2598,2.3641,0.56242,9.6225,56.15,3.572
161.75,-20.743,46.303,7.0163,5.4819,0.54724,7.8565,63.49,3.8073
291.5,44.875,69.467,-0.69321,11.429,0.53154,9.01,52.8,4.5475
388,106.43,74.357,-14.791,15.628,0.52582,8.9725,45.085,4.7435
448.75,136.88,58.746,-8.3852,17.941,0.52998,9.5,45.428,4.0818
453.5,130.7,67.927,3.389,18.492,0.53272,9.3825,54.005,4.4245
474,144.65,59.638,16.648,19.604,0.54379,9.2,64.25,4.1502
434,144.22,68.055,24.363,18.919,0.56805,9.6008,66.397,4.3952
362.75,93.1,151.08,71.124,19.128,0.5923,10.99,67.54,6.8945
265.75,46.15,139.69,56.81,14.342,0.62923,10.582,65.78,6.659
161.75,4.9,113.54,49.049,9.2878,0.68562,9.3525,70.237,6.1643
58.75,-31.775,108.41,59.284,5.4914,0.79636,7.9657,78.715,6.5953
9.25,-41.679,105.17,96.615,4.7776,0.81026,6.3695,96.075,7.012
1.75,18.652,120.49,118.58,7.3196,0.53333,6.9302,97.6,7.383
0,-13.992,106.02,104.98,5.5575,NaN,6.2332,98.775,7.2227
0,-0.66275,94.122,90.743,5.1963,NaN,5.568,98.725,7.1785
0,-45.198,87.629,71.779,3.2218,NaN,5.6005,93.95,6.6445
0,-57.163,93.676,66.493,2.9058,NaN,5.825,89.9,6.8293
0,-48.342,88.381,71.448,3.145,NaN,4.8723,94.85,7.7033
0,-59.51,70.822,46.837,1.6404,NaN,4.55,91.175,6.61
0,-70.655,73.57,39.987,1.2103,NaN,4.49,87.975,6.9583
0,-73.242,65.392,29.655,0.61508,NaN,3.941,87.15,7.0462
0,-67.93,53.727,31.841,0.49755,NaN,3.4138,92.05,6.6835
8.25,-29.84,31.735,21.873,0.90321,0.5875,2.2397,96.5,6.017
58,-8.205,31.981,25.662,3.0308,0.60678,2.6123,97.95,5.199
104.5,-40.638,40.69,28.694,3.7589,0.70543,3.1655,95.125,5.4588
176.25,-51.275,48.026,29.66,5.717,0.67925,3.3512,92.775,6.0857
229.75,3.125,57.857,34.312,9.1694,0.67014,3.7005,91.35,6.6395
252.25,17.325,54.371,30.755,10.006,0.67198,3.834,90.325,6.0222
215.5,40.525,35.713,20.629,8.8118,0.69701,3.4538,91.6,4.8803
231.5,112.05,35.792,16.152,11.157,0.68769,2.891,90.45,5.2575
258.5,136.48,23.179,7.987,12.021,0.65818,2.741,88.85,4.0572
284.5,60.55,20.277,-3.4545,10.208,0.63953,2.9425,77.43,3.4985
249.25,6.175,16.531,-15.964,7.2214,0.6462,3.857,51.355,2.7292
157.75,-10.325,2.2853,-0.41722,4.2115,0.70746,3.777,71.752,1.5092
62.75,-57.291,1.7964,-2.3034,0.13968,0.78854,3.8255,43.675,1.4653
15.25,-76.998,0,-0,-1.7419,0.84278,3.463,35.508,0.5635
0,-83.285,6.8206,-13.138,-2.5277,1,2.7158,44.91,1.9358
0,-77.915,17.25,-48.328,-3.0747,NaN,2.946,22.95,3.1213
0,-91.45,17.458,-66.503,-3.9633,NaN,2.1928,23.475,3.7828
0,-88.55,18.137,-60.29,-3.6871,NaN,2.7868,16.035,3.332
0,-86.825,12.744,-38.678,-3.1809,NaN,3.16,13.355,2.5235
0,-83.875,9.2362,-29.067,-2.9255,NaN,3.0802,12.71,2.1658
0,-87.675,0,-0,-2.4733,NaN,2.255,17.09,0.73475
0,-85.63,8.5206,-52.147,-3.6463,NaN,1.1967,33.398,3.0235
0,-87.9,5.1284,-45.233,-3.611,NaN,0.49325,60.032,4.4153
0,-92.275,9.2125,-37.264,-3.3944,NaN,0.8755,64.99,4.4685
14,-92.885,8.122,-36.833,-3.0352,0.59712,0.799,64.677,4.3167
87,-90.489,16.664,-40.263,-0.76415,0.60544,1.4587,62.453,4.851
183.25,-61.125,20.781,-34.215,3.0661,0.59232,2.747,49.858,3.7193
286.75,-10.825,37.198,-46.776,7.5135,0.56847,4.6018,35.85,4.175
382.5,36.125,35.937,-38.977,11.724,0.54491,5.2888,34.475,3.8025
452.25,72.2,26.264,-19.825,14.976,0.53207,5.9492,40.023,3.0823
486.5,98.625,11.188,-5.9832,16.653,0.52961,6.1063,46.49,2.2735
484.75,100.98,20.462,-5.7363,16.939,0.53888,5.5812,58.145,2.788
438.5,113.58,12.956,-1.7193,15.891,0.55729,6.7547,57.22,2.3862
369.75,89.875,28.434,-3.7751,13.661,0.58019,7.2973,54.755,3.087
279,58.775,16.053,0.74249,10.002,0.61237,7.2223,61.833,2.543
178,4,25.842,-1.8102,5.8121,0.66063,6.6292,60.062,3.0038
78.25,-47.675,35.16,-11.424,1.5321,0.75198,6.1753,53.328,3.5377
5.5,-68.53,56.405,-4.0404,-0.30086,0.95175,6.235,61.815,4.7233
0,-84.95,68.121,15.105,-0.048632,NaN,6.743,70.157,5.1647
0,-86.75,80.83,12.874,0.19618,NaN,7.1742,66.268,5.6398
0,-85.225,74.698,-5.2376,-0.44471,NaN,6.9612,58.583,5.4192
0,-83.5,73.481,-16.052,-0.73547,NaN,7.9002,48.777,4.9932
0,-82.475,83.531,-21.647,-0.58084,NaN,7.7803,47.72,5.5025
0,-81.1,81.596,-28.134,-0.77967,NaN,7.6158,45.163,5.4782
0,-79.03,82.204,-43.854,-1.1476,NaN,7.6155,37.867,5.5078
0,-73.547,109.17,-76.495,-1.1529,NaN,9.7425,20.64,5.8558
0,-67.865,7.6578,-4.6686,-1.8301,NaN,10.692,20.64,2.396
0,-61.875,1.6528,-1.2591,-1.7344,NaN,9.495,19.168,2.0187
12.25,-57.905,12.579,-8.3662,-1.1691,0.58824,8.976,25.697,2.4748
88.75,-51.196,5.6917,-3.1882,1.13,0.56865,10.482,23.637,2.303
192.25,-10.875,0,-0,5.1165,0.55186,13.825,7.329,1.1805
298,37.15,0,-0,9.4545,0.53456,14.008,8.6628,1.1955
390.5,77.775,0,-0,13.21,0.52101,13.04,11.105,1.72
456.75,116.83,0,-0,16.18,0.51564,14.048,9.9567,1.6808
487,119.2,38.8,-3.4157,18.099,0.51877,9.9725,46.08,3.3857
478,124.77,32.221,1.9356,17.968,0.53126,8.9,56.1,3.1847
435,137.92,32.214,4.5354,17.199,0.55085,9.755,56.648,3.1755
366.25,123.98,33.576,7.5873,14.99,0.57338,10.585,57.822,3.2192
279.5,84.775,48.553,14.726,12.061,0.60143,10.605,61.168,3.6703
180,38.9,35.979,5.8295,7.3545,0.64549,11.175,53.275,3.2927
80.25,-12.96,46.607,11.021,3.5239,0.72727,14.135,48.918,3.5867
9.5,-31.64,0,-0,-0.62456,0.90974,14.185,22.243,2.151
0,-43.368,0,-0,-1.2234,NaN,14.453,20.893,1.5238
0,-44.322,0,-0,-1.2503,NaN,15.123,16.14,1.7248
0,-47.773,12.312,-3.6042,-1.102,NaN,13.085,27.1,2.6997
0,-47.167,38.557,-4.7008,-0.37551,NaN,11.31,40.167,3.3662
0,-48.903,58.468,-8.9113,0.01845,NaN,8.85,47.495,4.1552
0,-46.6,54.893,-6.4328,0.052486,NaN,9.865,45.2,3.915
0,-44.62,30.847,1.1078,-0.35727,NaN,11.415,46.925,3.1505
0,-42.39,38.892,-10.317,-0.38971,NaN,11.543,32.99,3.376
0,-35.53,9.6111,-3.2361,-0.82245,NaN,14.295,21.848,2.69
0,-40.515,8.442,-1.2363,-0.93964,NaN,12.36,35.885,2.5335
11.5,-39.989,38.459,-0.18537,0.27601,0.57009,12.788,41.175,3.376
88.75,-28.808,64.19,-3.9597,3.39,0.54949,12.675,38.873,4.0228
193.25,8.25,99.882,-1.8746,8.449,0.53685,12.835,40.405,4.9292
298.5,60.5,120.41,1.3851,13.563,0.52354,12.587,42.47,5.5175
388.75,104.35,90.108,7.5946,16.666,0.51467,12.492,46.062,4.709
452,138.33,85.131,10.098,19.339,0.51346,12.387,47.918,4.5865
483,152.62,69.932,11.176,20.219,0.51808,12.215,50.265,4.1945
474.25,159.23,61.763,9.1037,19.869,0.53184,12.9,47.875,3.9543
432.75,174.98,34.159,7.6356,18.323,0.55097,13.785,49.163,3.2927
367.25,156.8,69.316,14.198,17.139,0.57135,14.058,47.633,4.1013
280.75,120.67,11.935,2.1827,11.722,0.59864,14.66,45.18,2.7785
180,60.625,0,0,6.788,0.64072,14.875,41.703,1.9895
78.5,9.155,0,0,2.4727,0.72237,15.487,39.767,1.5583
10.75,-14.218,0,0,-0.097838,0.8886,15.732,39.108,1.6807
0.25,-32.985,0,0,-0.92344,0.95238,15.342,37.858,2.0235
0,-35.74,32.241,1.5393,-0.055283,NaN,14.152,40.095,3.2585
0,-33.82,62.455,5.7097,0.96885,NaN,13.807,42.975,3.9495
0,-31.818,94.381,21.67,2.3762,NaN,12.963,51.498,4.7728
0,-31.78,117.03,32.639,3.3255,NaN,11.498,57.61,5.64
0,-32.69,128.13,37.822,3.7591,NaN,10.523,61.045,6.2768
0,-33.422,97.307,32.645,2.7231,NaN,10.538,62.773,5.2235
0,-31.008,132.33,37.331,3.9115,NaN,11.622,57.415,6.0808
0,-34.05,153.38,51.085,4.8075,NaN,12.35,57.812,6.5122
0,-36.455,94.773,33.009,2.5763,NaN,10.992,62.087,5.052
8.75,-36.248,118.58,40.276,3.7055,0.55696,11.207,61.12,5.7577
86.25,-29.54,59.237,17.681,3.7696,0.54784,12.125,56.82,3.915
189.75,-1.725,46.554,12.144,6.96,0.54139,13.755,50.968,3.582
293.75,37.55,49.311,11.501,11.061,0.53,13.695,49.833,3.6458
383,80.3,13.907,2.6692,13.537,0.52304,14.75,45.392,2.8373
401.25,94.175,7.1328,1.7484,14.226,0.53248,14.607,48.205,2.6312
300.25,56.65,8.6422,2.8412,10.392,0.55036,14.385,52.622,2.6658
474,122.05,5.631,1.7739,17.023,0.53734,14.107,52.637,2.548
428.25,136.55,0,0,15.933,0.55679,14.982,52.523,1.9305
364,93.225,65.79,31.582,15.645,0.57613,11.37,66.98,4.1357
279.75,54.875,66.407,26.118,12.05,0.60135,10.647,65.015,4.2142
180,9.95,77.04,41.704,8.7082,0.63855,9.0225,75.712,4.8362
85.25,-25.763,77.878,45.375,5.155,0.67647,8.9525,77.61,4.8855
18.25,-52.267,51.426,29.594,1.3259,0.69328,8.98,77.242,3.8758
1.25,-42.312,47.318,26.583,0.92634,0.58333,8.775,77.203,3.7435
0,-46.765,55.32,20.398,0.81676,NaN,8.995,68.605,4.0178
0,-70.517,41.537,11.493,-0.49333,NaN,8.9425,64.94,3.5183
0,-76.12,24.317,7.3892,-1.2529,NaN,8.8225,66.435,2.9007
0,-73.252,0,0,-2.0664,NaN,9.3,61.328,1.2152
0,-77.105,0,-0,-2.1751,NaN,10.26,35.965,1.181
0,-66.073,0,-0,-1.8639,NaN,9.745,47.318,0.843
0,-59.162,5.5751,-0.88854,-1.5367,NaN,9.4125,45.047,2.2195
0,-54.387,49.533,-3.0364,-0.22261,NaN,9.6975,48.188,3.7487
0,-52.802,51.664,8.9894,0.22147,NaN,8.79,61.182,3.9053
3.75,-57.995,40.609,17.269,0.10249,0.51613,8.1732,73.308,3.5377
41,-50.46,41.455,10.56,1.2005,0.55914,8.3375,65.96,3.5575
133.5,-18.407,34.689,4.8317,4.3616,0.54669,9.085,58.763,3.2683
315.5,55.7,34.155,0.018256,11.435,0.52946,9.74,50.688,3.239
391.5,93.45,34.847,-2.1609,14.602,0.51978,10.102,46.76,3.2585
444.75,123.42,25.788,0.74426,16.776,0.51736,10.972,47.945,2.994
475.25,139.17,21.266,2.7906,18.011,0.52007,11.035,52.31,2.8615
469,141.48,41.105,7.7392,18.599,0.5317,10.375,56.79,3.4497
429,144.48,31.279,7.2722,17.265,0.54925,10.055,59.672,3.1458
366.25,128.25,27.179,7.5216,14.929,0.56823,10.69,59.758,3.0282
280.5,92.5,30.156,11.053,11.685,0.59289,10.612,63.93,3.1165
182.25,46.125,21.996,8.0189,7.2891,0.63051,10.283,64.755,2.8567
83.75,0.23,11.634,3.6995,2.8016,0.69928,12.175,57.578,2.6263
14,-21.785,0,0,-0.2196,0.85106,12.617,57.265,2.0775
0.25,-34.862,0,0,-0.97641,0.9375,13.232,55.655,2.1022
0,-36.95,18.957,4.4427,-0.38225,NaN,13.283,50.907,2.8957
0,-38.09,25.295,4.2309,-0.2416,NaN,13.353,47.63,3.0625
0,-39.243,38.968,3.6041,0.093917,NaN,13.242,44.455,3.3958
0,-45.793,63.191,-0.94813,0.46407,NaN,13.095,39.88,3.9838
0,-50.362,60.973,-6.1385,0.12616,NaN,12.427,37.782,3.9495
0,-55.31,102.67,-12.885,0.97264,NaN,12.387,36.763,5.0617
0,-57.915,112.59,-9.4474,1.2759,NaN,12.077,39.558,5.39
0,-58.775,72.545,-0.78428,0.36631,NaN,11.527,44.49,4.3167
0,-55.727,41.212,4.7324,-0.27598,NaN,10.547,53.047,3.4497
7.75,-51.16,43.12,7.8692,0.21381,0.62651,10.322,56.695,3.5133
84,-37.982,43.46,7.4321,2.7338,0.5508,10.75,54.915,3.5133
189,6.4,54.827,14.25,7.4608,0.53902,12.16,54.972,3.7975
294.5,59.275,65.403,19.392,12.372,0.52691,11.5,58.395,4.1158
384.5,100.07,82.746,24.508,16.695,0.51907,10.78,60.362,4.7088
447,134.33,70.759,17.774,18.896,0.51897,11.165,57.285,4.2973
478.5,146.25,76.336,16.847,20.253,0.52329,12.34,52.708,4.3563
469,160.15,106.68,26.625,21.509,0.53713,13.533,50.99,5.0225
427.25,168.65,40.962,9.0089,18.22,0.55564,13.895,48.727,3.4543
364.25,145.82,0.044987,0.0077162,14.391,0.57335,14.138,45.89,2.2248
279.75,103.62,5.1323,1.0228,10.989,0.59719,13.565,48.58,2.494
180.75,54.45,15.161,2.868,7.1435,0.63429,14.587,45.643,2.8617
83,7.8575,0.4394,0.10478,2.5784,0.70063,14.445,48.275,2.3077
15,-14.511,0,0,0.013809,0.83696,15.415,46.885,1.6952
0.5,-24.708,0,0,-0.68289,0.85714,14.562,50.232,2.0285
0,-25.71,7.6353,2.1474,-0.44931,NaN,12.865,54.123,2.5383
0,-25.54,31.249,9.6924,0.43446,NaN,12.047,57.555,3.1753
0,-27.562,38.088,12.731,0.65605,NaN,12.398,57.745,3.3613
0,-28.412,44.695,13.672,0.84502,NaN,13.062,54.76,3.533
0,-29.887,49.672,10.245,0.84713,NaN,10.725,56.545,3.6993
0,-28.15,116.51,26.368,3.2365,NaN,12.235,53.242,5.473
0,-29.115,123.46,26.083,3.3973,NaN,13.24,49.947,5.4882
0,-30.74,141.89,34.731,4.1153,NaN,13.88,49.917,5.8505
0,-32.898,128.6,34.601,3.676,NaN,13.085,53.005,5.6498
6,-30.902,120.83,30.2,3.5579,0.63077,12.625,53.3,5.5223
79,-22.492,103.23,22.869,5.1511,0.55114,12.718,51.758,5.032
182.25,15.2,99.803,24.818,9.0855,0.54122,15.825,45.623,4.6895
287.5,53.925,87.051,15.939,12.537,0.52791,14.318,45.998,4.4935
376.5,88.175,81.454,11.107,15.719,0.52069,14.697,42.922,4.3513
438.25,117.12,56.342,7.4314,17.466,0.52051,15.44,41.017,3.8075
471,122.12,60.593,14.871,18.861,0.52412,15.188,46.888,3.8955
463.25,125.23,52.528,28.704,18.892,0.53675,14.96,61.457,3.7243
427,134.58,43.241,26.683,17.814,0.55159,14.61,65.542,3.5185
370.25,120.57,60.27,33.77,16.499,0.56543,13.725,64.932,3.9002
291.75,72.6,100.56,62.403,14.875,0.58262,11,74.175,5.233
195.75,20.125,99.496,63.18,10.679,0.61141,10.143,76.888,5.3902
96.75,-28.072,100.23,11.731,5.0959,0.66406,12.438,47.71,4.9883
21.75,-55.002,98.791,37.672,2.9115,0.77692,10.675,64.413,5.243
0.5,-69.272,82.125,20.756,0.96219,0.81818,9.88,61.07,4.8412
0,-58.818,69.437,25.173,1.0097,NaN,10.117,65.127,4.3708
0,-55.093,66.794,30.401,1.1877,NaN,10.34,68.553,4.258
0,-58.445,63.624,9.158,0.40444,NaN,9.6883,56.995,4.2287
0,-56.497,63.139,15.697,0.63019,NaN,10.395,59.37,4.1357
0,-55.857,61.686,32.763,1.0886,NaN,8.8525,75.735,4.2778
0,-54.147,56.537,25.306,0.78128,NaN,9.2,71.318,4.0377
0,-54.7,55.83,24.812,0.73181,NaN,9.28,70.963,4.0032
0,-56.078,65.562,14.252,0.66959,NaN,9.3025,61.335,4.3513
0,-57.733,69.44,-2.4576,0.26095,NaN,9.2175,50.99,4.508
4.5,-56.065,55.312,3.7184,0.2106,0.74648,8.8725,56.493,4.0328
72.25,-44.703,66.448,-4.1218,2.5353,0.5781,9.45,49.032,4.3607
174.75,-8.575,90.858,39.787,8.3732,0.54961,8.6875,72.348,5.488
283.5,38.525,90.246,39.728,12.751,0.52985,8.585,72.732,5.4977
354.25,62.25,87.692,36.185,15.244,0.5208,8.4275,72.063,5.444
445,99.575,83.074,45.682,18.994,0.52099,8.6725,76.98,5.1698
358.5,97.15,73.48,54.95,16.477,0.54663,8.0578,86.45,4.9443
310,78.775,84.88,69.737,15.329,0.55746,7.9112,89.675,5.5125
296.25,78.875,106.45,99.001,16.378,0.56799,7.8515,94.05,6.5657
209,62.7,94.22,86.67,12.767,0.57347,7.6537,94,6.076
87.5,46.975,55.353,55.499,6.9206,0.59862,7.6107,97.275,4.2483
75.5,41.675,130.27,132.85,10.728,0.59079,7.502,98.1,7.3742
40,36.605,143.77,148.32,10.401,0.59391,7.35,98.775,8.3065
9,30.008,92.914,93.299,6.3534,0.6087,6.7025,98.65,6.5815
0.5,23.02,119.03,120.41,7.4179,0.33333,6.4478,99.25,7.8395
0,21.637,67.898,66.373,4.3981,NaN,5.7052,99,5.7328
0,20.288,62.138,59.919,4.0155,NaN,5.297,99.05,5.6255
0,21.582,56.028,53.809,3.7073,NaN,5.077,99.175,5.3362
0,22.032,53.913,51.401,3.5924,NaN,4.858,99.2,5.336
0,23.935,42.363,39.968,2.9977,NaN,4.5308,99.25,4.6355
0,22.205,45.606,42.961,3.1248,NaN,4.465,99.275,4.954
0,22.895,45.742,43.034,3.1502,NaN,4.4805,99.225,4.954
0,20.075,41.351,38.36,2.8149,NaN,4.0888,99.25,4.8707
0,19.08,61.483,57.847,3.9045,NaN,4.433,99.275,5.8898
1.25,17.185,68.329,64.364,4.2633,0.61538,4.439,99.3,6.5367
42.75,37.03,66.794,61.968,5.8829,0.65524,4.392,98.95,6.4583
124,117.9,69.682,62.935,10.565,0.66373,4.2952,98.375,6.8892
189,126.57,60.414,51.095,12.048,0.62832,4.3127,96.775,5.9487
218.5,98.425,59.995,48.73,12.007,0.60842,4.444,95.65,5.733
297.25,98.75,67.296,52.773,14.558,0.59392,4.7728,94.3,5.9878
287.25,73.825,71.782,53.53,13.721,0.58035,4.8337,93.05,6.3063
396.5,86.7,57.422,41.178,16.412,0.56054,5.0667,91.725,5.4487
343,85.7,53.363,37.355,14.653,0.56375,5.2555,90.8,5.0222
202.25,40.675,51.025,35.696,9.2992,0.57128,5.1315,91.05,4.9292
191.25,28.325,55.533,39.071,8.8629,0.57571,5.554,90.275,4.9977
124,2.2225,59.82,41.475,6.4182,0.59477,5.8128,89.375,5.1355
58.75,-24.828,56.333,39.911,3.6719,0.57961,5.6055,90.325,5.0225
27.25,-37.755,61.974,12.067,1.7923,0.59023,7.1903,67.54,4.6747
0.5,-56.367,69.551,-3.636,0.28344,0.66667,8.1058,54.495,4.758
0,-66.042,137.9,-12.859,1.6643,NaN,8.6825,50.582,7.5263
0,-83.275,150.61,-43.929,0.66015,NaN,9.0625,40.86,7.8402
0,-78.625,248.69,-92.961,2.1752,NaN,10.072,33.355,10.485
0,-76.942,174.51,-66.755,0.86919,NaN,10.533,31.245,7.9282
0,-77.5,189.88,-78.944,0.94328,NaN,10.872,28.542,8.297
0,-78.118,197.7,-26.468,2.6267,NaN,9.6625,45.21,8.6887
0,-71.405,224.35,50.213,5.7311,NaN,9.48,61.053,10.05
0,-68.77,239.79,33.051,5.7569,NaN,10.258,54.945,9.9275
0,-69.817,249.81,14.891,5.4977,NaN,10.24,51.593,10.36
5,-69.775,210.43,36.117,5.1276,0.63636,9.83,57.735,9.0905
77.25,-66.578,302.78,124.38,12.351,0.5554,9.6475,68.517,13.327
99,-14.725,262.8,191.92,15.205,0.55902,9.0475,83.525,12.335
137.25,-2.425,217.06,152.92,14.24,0.55474,8.8525,82.9,10.412
202,11.825,197.18,141.23,15.579,0.54065,9.1225,82.767,9.179
250.75,28.3,185.24,131.61,16.81,0.5443,9.2525,82.225,8.502
289.5,33.175,202.79,139.41,18.756,0.53975,9.2725,81.21,9.2875
268.5,32.525,222.97,150.1,19.016,0.55231,9.3125,80.515,10.168
263.75,31.275,202.11,133.29,17.784,0.56151,9.1575,80.31,9.3725
285.5,33.2,179.39,107.63,17.087,0.56857,9.05,78.085,8.4177
271.75,19.675,145.26,66.836,14.204,0.59074,9.335,71.472,7.4527
194.75,3.725,200.79,122.4,14.716,0.61795,9,78.61,9.4743
73,-44.428,202.47,117.38,9.8291,0.70683,9.245,76.748,9.3005
11.75,-59.367,213.45,115.01,7.9227,0.83392,9.015,75.627,10.055
0.75,-73.948,202.9,66.563,5.5365,0.5,9.21,66.273,9.3552
0,-77.368,206.66,50.304,5.0664,NaN,9.1825,62.805,9.5575
0,-76.817,175.74,39.972,3.9182,NaN,8.5877,64.04,8.6902
0,-80.078,211.94,3.3399,3.8141,NaN,9.2525,53.015,9.7275
0,-82.45,185.63,-18.785,2.3806,NaN,8.9825,49.108,8.7758
0,-78.438,206.52,8.3994,3.85,NaN,8.735,55.885,10.04
0,-71.045,191.09,61.983,5.1349,NaN,7.5927,71.112,10.688
0,-77.835,192.97,50.679,4.6775,NaN,7.5113,69.002,10.91
0,-80.778,230.88,-52.429,2.7554,NaN,8.725,44.92,11.238
0,-80.713,228.49,-72.816,2.1147,NaN,8.815,40.773,11.008
8.25,-80.59,211.68,-87.006,1.4764,0.51471,9.11,35.678,9.8675
97,-86.756,171.25,-113.73,1.9116,0.51439,8.67,27.238,8.3877
208,-61.1,146.73,-115.84,5.0156,0.5174,10.213,14.735,7.0668
316.25,-8.375,93.235,-68.256,9.3897,0.51045,11.323,12.787,4.949
401.5,30.275,160.66,-105.53,13.736,0.50932,10.6,18.925,7.3945
460,53.85,202.61,-95.95,17.504,0.51129,9.87,29.848,8.7175
487.75,60.425,210.06,-87.966,18.908,0.51636,9.8575,32.255,9.0493
476.25,53.45,225.2,-90.782,18.735,0.53021,10.588,30.137,9.0328
429.5,58.1,194.71,-58.441,17.599,0.55038,10.968,33.34,8.415
359.75,41.7,186.98,-74.673,14.493,0.57262,10.845,29.367,8.209
266.25,19.35,146.09,-52.054,10.709,0.60438,11.023,30.652,6.714
160.25,-26.938,137.14,-43.14,6.4124,0.65556,10.537,34.213,6.5868
59.75,-59.803,119.79,-62.175,1.6238,0.75562,11.485,21.765,5.728
0,-71.947,105.11,-52.725,-0.55195,NaN,12.245,20.025,5.15
0.5,-81.54,129.72,-60.316,-0.32834,0.6,11.325,24.747,6.0808
0,-82.725,135.83,-73.343,-0.57096,NaN,11.488,20.815,6.2278
0,-84.725,159.42,-90.015,-0.43222,NaN,10.027,25.273,7.6342
0,-83.375,181.34,-99.856,-0.05335,NaN,10.387,24.428,8.2607
0,-79.633,136.02,-82.713,-0.74252,NaN,9.44,25.938,7.0215
0,-78.355,123.41,-50.491,-0.15346,NaN,8.89,36.71,6.7768
0,-80.095,109,-17.721,0.3156,NaN,8.4375,48.73,6.375
0,-78.095,130.76,-62.072,-0.26536,NaN,9.2175,32.545,6.919
0,-76.843,134.6,-80.051,-0.62895,NaN,9.7875,24.985,6.8012
0,-75.882,118.6,-61.463,-0.52884,NaN,9.3275,30.233,6.3753
7,-73.715,101.34,-43.083,-0.23867,0.54098,9.345,34.085,5.6888
94.75,-83.013,85.322,-10.246,2.4489,0.51472,9.15,47.688,5.1255
205.5,-58.75,58.488,-2.5934,5.7165,0.51704,9.2575,50.47,4.1013
312.5,-17.675,33.598,-6.9764,9.0679,0.51362,10.21,40.06,3.219
398,47.8,0,-0,12.576,0.51225,10.903,35.468,1.5777
460.5,106.58,9.7397,-4.117,16.156,0.51128,11.9,24.722,2.5483
489,111.2,0.31853,-0.029731,16.94,0.51392,12.02,39.297,2.112
477.75,69.55,50.155,5.9322,17.021,0.52721,10.49,53.375,3.724
430.75,97.075,14.801,-1.7133,15.259,0.54789,10.725,42.325,2.646
358.5,62.1,53.728,9.6193,13.652,0.57066,9.935,57.727,3.871
264.5,19.55,67.698,-5.108,9.7786,0.603,9.75,47.398,4.3613
156,-20.67,55.623,6.3429,5.5657,0.65714,9.7475,55.525,3.9495
57,-59.337,64.981,18.237,2.2816,0.75796,8.795,65.562,4.415
2.5,-68.72,74.07,53.3,1.725,0.95516,8.0152,85.425,4.9835
0.25,-79.445,78.496,-21.669,-0.631,0.75,8.7215,42.922,4.9688
0,-80.01,89.076,-18.506,-0.26631,NaN,8.8675,45.138,5.3557
0,-78.095,98.594,-50.676,-0.85127,NaN,10.338,26.228,5.3117
0,-77.275,130.66,-56.804,-0.096502,NaN,9.8825,31.467,6.6102
0,-75.927,188.53,-84.828,0.78344,NaN,9.3775,32.9,8.5375
0,-72.737,179.41,-82.383,0.68534,NaN,9.3225,32.745,8.1727
0,-76.113,178.41,-79.386,0.6463,NaN,9.2375,33.707,8.2018
0,-77.015,176.83,-30.657,1.9508,NaN,8.5525,47.823,8.78
0,-76.065,168.74,64.008,4.42,NaN,8.211,71.36,8.727
0,-77.553,177.54,59.101,4.4878,NaN,8.2218,69.468,9.17
7.5,-79.255,192.36,-4.2735,3.2817,0.5082,9.34,51.108,8.746
96.75,-84.214,207.17,-48.707,4.8238,0.49478,9.7025,40.735,9.0675
209,-61.625,178.29,12.891,9.5505,0.50533,8.8575,56.755,8.5478
317.75,-24.575,171.9,6.6559,13.307,0.50176,8.98,54.933,8.1292
404.25,21.225,133.37,-27.192,14.998,0.50277,10.665,38.637,6.4093
462.75,43.05,139.74,42.662,19.414,0.50561,9.4825,64.502,7.149
481.25,47.55,148.84,63.371,20.904,0.51253,8.9375,71.14,7.8445
473,46.325,168.6,72.665,21.456,0.52841,8.925,71.392,8.022
438.25,55,206.13,102.05,22.608,0.55097,9.3125,73.007,9.3997
322,37,179.68,103.23,18.108,0.57124,8.95,77.28,8.5255
201.25,15.175,123.05,74.857,11.688,0.5922,8.3875,80.088,7.0362
88.5,8.7425,75.084,57.29,6.4774,0.58741,8.0823,87,5.0077
35.5,5.095,89.599,70.184,5.6526,0.59312,7.621,88.775,5.8655
9.25,-47.64,114.13,70.586,4.1278,0.61856,7.4492,82.825,7.2105
0,-63.377,91.937,33.274,1.7443,1,7.5775,72.61,6.0023
0,-51.02,114.87,67.741,3.7121,NaN,8.1925,79.83,6.7717
0,8.4017,71.877,23.594,2.9302,NaN,8.0842,69.71,4.8658
0,7.7595,56.238,28.766,2.6168,NaN,7.9663,77.317,4.214
0,-8.173,104.34,62.315,4.4708,NaN,7.986,80.653,6.3908
0,-38.845,105.76,71.457,3.9034,NaN,8.4225,82.725,6.2378
0,-25.863,104.73,64.396,4.0415,NaN,8.023,81.257,6.3897
0,-35.805,93.164,55.397,3.1808,NaN,7.293,82.31,6.2183
0,-64.968,141.83,86.128,4.598,NaN,7.4585,82.373,8.0755
0,-62.582,153.11,67.901,4.4691,NaN,7.6717,75.483,8.475
1.5,-51.218,183.18,60.409,5.469,0.45455,7.9502,70.19,9.7845
73,-51.578,179.68,27.86,6.4589,0.5,8.0255,63.03,9.5075
162.75,-43.938,139.57,49.92,8.6971,0.49339,7.2692,73.415,8.1535
256.75,-10.6,126.91,66.433,12.398,0.48982,6.3975,82.077,8.424
279,33.15,129.35,75.851,14.594,0.50685,6.3293,84.475,8.6788
314.75,52.15,148.44,68.307,16.464,0.5167,6.4143,79.793,9.8275
432.75,76.75,137.54,51.897,19.717,0.52023,6.4158,76.858,9.104
368,53.2,143.58,27.185,16.699,0.53885,6.3398,70.497,9.6175
114.5,-124.26,115.79,-8.7405,2.7443,0.57116,5.7598,63.947,8.5367
256.5,41.425,147.46,-5.1202,12.42,0.57551,6.514,61.845,9.6135
72,13.752,86.375,55.046,6.4085,0.58916,6.305,86.32,6.4825
22.25,7.6075,80.809,73.635,5.1991,0.62128,6.4262,95.725,6.0613
22.5,5.0875,63.217,53.228,4.0631,0.61538,6.2425,93.6,5.1208
3,9.995,114.02,96.418,6.3029,0.6,6.1865,93.825,7.8265
0,23.25,111.01,105.22,6.7557,1,5.6427,98.1,8.3545
0,18.122,115.04,99.979,6.5768,NaN,4.8107,96.75,10.155
0,7.5628,80.472,63.298,4.269,NaN,3.7462,96.05,9.122
0,16.928,69.541,65.344,4.2826,NaN,4.712,98.95,6.2672
0,10.143,70.168,55.922,3.8431,NaN,4.1285,95.725,7.2175
0,0.13,57.843,32.427,2.5502,NaN,4.0785,89.55,6.0228
0,-33.035,67.6,-2.6624,0.89997,NaN,4.1295,73.403,6.9518
0,-32.553,86.259,-22.834,0.87089,NaN,4.9413,62.358,7.4132
0,-31.61,62.486,5.0507,1.0135,NaN,3.7952,78.252,6.9918
0,-18.938,52.448,8.0246,1.1717,NaN,3.1982,82.877,6.964
0.25,-13.769,43.173,14.049,1.2328,0.75,2.7095,88.6,6.7665
6.5,-24.861,38.926,18.325,1.0971,0.58065,2.084,93.375,7.932
16.25,-47.328,23.065,8.2487,0.0066544,0.58333,1.4038,94.275,6.9775
33.25,-34.412,14.198,3.802,0.475,0.61671,1.034,95,5.831
170.25,-91.296,20.37,0.92213,2.8279,0.57277,2.0673,86.85,4.1845
362.5,-173.3,27.928,6.0205,6.295,0.54445,2.9613,85.325,4.464
99,-67.778,17.405,-0.9845,1.344,0.60831,1.2508,90.775,5.9095
63,-38.953,3.9369,-0.34055,0.77982,0.84718,0.306,97.55,5.4635
162.25,-41.934,20.297,0.82467,3.9899,0.79118,1.6705,89.15,5.1597
196.25,-88.503,32.633,4.4013,4.0842,0.7234,2.0172,88.5,6.8697
96.5,-82.653,18.313,8.0547,1.1344,0.69749,1.8433,93.7,4.219
116,-88.202,12.878,3.4223,1.244,0.69353,1.868,91.15,3.3173
57.5,-33.895,7.5073,4.3429,1.0002,0.70886,2.1153,94.975,2.151
10.25,-39.547,1.903,1.1686,-0.73982,0.71528,1.907,96,1.2693
0,-9.1798,2.5984,2.1004,-0.12641,1,1.5717,99.1,1.3918
0,-10.019,2.9749,2.4889,-0.1285,NaN,1.524,99.475,1.4748
0,-88.7,0.066638,0.054021,-2.4988,NaN,1.3862,99.275,0.76925
0,-53.083,2.8243,2.2875,-1.3532,NaN,1.504,99.175,1.4452
0,-0.1205,10.202,8.7444,0.53109,NaN,1.5085,99.725,3.2
0,5.364,11.982,10.197,0.77698,NaN,1.3645,99.725,3.729
0,-6.386,13.342,11.526,0.52136,NaN,1.1775,99.925,4.8117
0,0.02775,10.712,9.1543,0.56119,NaN,0.8935,99.925,5.091
0,0.76475,6.9351,5.9534,0.38515,NaN,0.5735,100,5.1352
0,2.0452,3.845,3.301,0.25928,NaN,0.5785,100,2.8225
0.25,2.797,4.2446,3.6429,0.30846,0.83333,0.56075,100,3.2145
22,9.1025,3.5528,3.0435,1.0635,0.74713,0.32825,100,4.5962
48,-3.735,5.1939,4.2848,1.5161,0.72805,0.37575,99.9,5.87
89.75,34.4,5.7246,3.784,3.7705,0.71234,0.31625,99.475,7.687
205.5,105.8,9.4604,4.5704,9.1775,0.65389,0.73075,97.725,5.4977
252,133.95,15.735,7.9415,11.555,0.63974,1.2732,96.275,5.248
317,161.1,23.814,12.194,14.503,0.60151,1.9252,94.475,5.2528
387,191.28,19.197,9.6767,17.127,0.579,2.7465,91.95,3.5035
353.25,161.6,15.756,7.8967,15.191,0.57414,3.4233,89.9,2.7635
308.75,139.95,3.6212,1.3612,12.798,0.59402,4.1418,84.442,1.666
210.5,89.65,7.5877,4.2848,8.8021,0.60038,4.0723,89.675,1.9795
135,66.25,6.7804,3.6292,5.9708,0.60206,3.9265,89.3,1.9112
66,20.235,24.198,18.569,3.6391,0.62069,3.2062,96.425,3.7828
15,-32.726,20.936,17.726,0.5906,0.67033,2.5097,98.875,3.9788
0.25,-83.468,18.868,13.831,-1.4251,0.66667,2.7652,96.4,3.4447
0,-97.85,11.963,5.1574,-2.2774,NaN,4.1523,85.885,2.3177
0,-85.485,22.095,5.0898,-1.6446,NaN,5.5993,74.722,2.8813
0,-83.21,26.266,2.8826,-1.5251,NaN,6.8063,65.838,3.0137
0,-81,48.178,4.7889,-0.79081,NaN,7.7073,61.998,3.9103
0,-83.25,63.452,3.111,-0.47072,NaN,8.63,56.605,4.3855
0,-78.188,48.726,0.39255,-0.82002,NaN,8.133,56.792,3.871
0,-71.735,16.89,-0.47852,-1.5607,NaN,8.1978,55.09,2.6067
0,-69.24,11.914,-1.5126,-1.6598,NaN,8.4575,50.093,2.4205
0,-67.852,15.839,-2.4871,-1.5374,NaN,9.2,45.95,2.6067
4.75,-66.828,21.506,-3.963,-1.2563,0.51282,10.168,41.228,2.8373
88.75,-58.197,2.3665,-0.85478,0.90452,0.50419,11.515,28.762,2.2245
201.75,-13.4,19.528,-8.1439,5.6344,0.51268,11.232,27.215,2.8175
307.75,43.225,1.3169,-0.69998,9.9183,0.51054,12.28,18.55,2.2195
393.75,89.7,0.043514,-0.025151,13.638,0.50919,12.84,14.677,2.1265
455,121.8,0,-0,16.271,0.50758,13.663,13.062,1.7003
484,135.12,0,-0,17.465,0.51062,16.043,11.97,1.6907
469.5,123.5,0,0,16.728,0.52408,15.245,40.73,2.2735
418.25,106.38,35.047,16.782,16.262,0.5455,12.147,64.972,3.2782
287.25,64,5.6159,1.0003,10.095,0.5651,11.988,51.718,2.406
254.5,62.4,10.515,0.10667,9.2393,0.59264,12.77,41.91,2.6265
149.5,3.2,27.587,9.4096,5.3513,0.6451,11.203,61.198,3.0528
48.75,-32.722,25.343,5.5485,1.3236,0.75896,11.402,55.178,2.994
0,-47.453,38.512,14.676,0.16178,1,9.5775,67.447,3.386
0,-51.373,35.049,7.8134,-0.24008,1,9.72,60.275,3.2685
0,-51.188,34.359,2.1255,-0.41476,NaN,8.5525,57.407,3.273
0,-53.517,26.222,6.923,-0.5747,NaN,8.7875,64.9,2.9695
0,-46.138,40.692,17.158,0.33042,NaN,8.2125,73.05,3.5377
0,-18.692,44.03,20.074,1.2811,NaN,8.0828,74.79,3.6848
0,-43.817,54.683,22.811,0.95,NaN,7.6753,74.45,4.2043
0,-40.77,50.305,22.01,0.88989,NaN,7.6543,75.303,4.013
0,-20.627,36.575,14.934,0.87118,NaN,7.5475,74.49,3.425
0,-38.222,52.203,23.446,1.0558,NaN,6.8357,78.148,4.2875
0,-49.663,68.05,37.025,1.5632,NaN,6.4365,82.7,5.3068
1.25,-49.353,61.889,31.074,1.2655,0.61538,6.6825,80.517,4.8508
64.5,-54.617,63.664,34.608,3.051,0.50193,6.7637,81.8,4.9145
169.25,-35.175,67.233,43.229,6.8983,0.51119,6.636,85.725,5.1643
242.25,-0.65,64.283,37.922,9.6986,0.50837,6.859,83.242,4.91
349.25,34.625,62.624,38.521,13.682,0.50636,7.0665,83.65,4.7483
390.5,90.25,66.98,37.77,16.517,0.53401,6.9342,82.09,5.0225
458.25,93.7,71.884,32.489,18.515,0.51598,6.6655,78.755,5.4093
469.5,118.62,67.85,23.189,19.159,0.52838,6.6995,74.662,5.1695
390.75,95,85.24,36.385,17.134,0.54931,6.3178,78.91,6.4035
233.75,41.125,85.102,46.251,11.46,0.57011,5.5622,85.05,6.4973
100.5,28.35,87.108,64.938,7.924,0.59105,4.9995,92.725,7.399
53,22.758,92.115,80.198,6.998,0.59465,4.7355,96.9,8.2605
34.5,16.865,77.589,63.909,5.4406,0.58806,4.325,96.15,7.6182
8.75,2.264,81.786,55.294,4.1777,0.57317,3.9027,92.975,8.8993
0.25,-7.3373,56.944,38.007,2.4786,0.66667,2.77,95.1,8.73
0,-6.5713,46.988,24.323,1.8263,NaN,2.27,93.575,8.7903
0,-21.225,25.807,17.075,0.61094,NaN,1.6065,97.25,6.8217
0,-66.963,23.976,-34.465,-2.1849,NaN,1.2073,77.82,8.4337
0,-57.317,18.047,-31.89,-2.0074,NaN,0.9935,78.862,7.714
0,-2.2565,6.9082,3.5852,0.23236,NaN,0.39525,98.875,7.4222
0,3.5585,17.644,14.62,1.0105,NaN,1.0235,99.675,7.3205
0,4.2405,25.095,21.189,1.4253,NaN,1.3705,99.65,7.7758
0,3.7707,28.753,24.39,1.6055,NaN,1.2448,99.75,9.8095
0,-8.2062,14.831,12.393,0.53646,NaN,0.6325,99.875,9.9572
0.25,-8.821,13.878,11.909,0.48567,0.5,0.55325,100,10.652
3.75,-9.404,2.668,2.0118,-0.027484,0.74138,0.12575,99.875,9.0098
17.5,9.6775,-17.951,-14.923,-0.1607,0.77636,-0.9765,99.775,7.8065
86.5,40.377,-21.284,-18.823,2.4478,0.75787,-0.96875,99.3,9.33
133.5,-23.883,-25.96,-22.846,1.7155,0.76129,-1.3415,98.95,8.2177
155.25,-51.675,-34.908,-30.93,1.0646,0.78018,-1.7445,98.325,8.4975
134.5,-55.135,-18.007,-16.679,1.2604,0.80751,-1.1725,98.625,6.522
126.75,-33.95,-10.015,-10.441,2.0408,0.82755,-0.592,98.775,7.184
139,-58.953,-21.246,-21.456,1.0535,0.80143,-1.0212,98.05,8.8345
84.5,-44.785,-26.767,-25.828,-0.36334,0.80462,-1.1182,98.3,10.165
52.75,-21.7,-18.224,-17.304,-0.12634,0.83631,-0.8335,98.925,9.285
36.25,-30.223,-23.025,-20.538,-1.0589,0.77863,-0.99825,99.2,9.795
18.75,-15.821,-21.695,-18.707,-1.0571,0.71591,-0.89925,99.55,10.245
5.5,-4.078,-26.542,-22.272,-1.3369,0.68116,-1.0747,99.65,10.488
0,0.9775,-34.027,-28.62,-1.7397,1,-1.308,99.475,11.048
0,-1.8663,-37.302,-30.829,-1.9746,NaN,-1.5155,99.525,10.453
0,-2.7025,-39.77,-33.043,-2.1303,NaN,-1.6255,99.375,10.39
0,1.1427,-36.139,-30.064,-1.8353,NaN,-1.6658,99.325,9.2133
0,-3.38,-37.593,-31.018,-2.0308,NaN,-1.86,99.275,8.583
0,-2.4108,-30.338,-25.33,-1.6384,NaN,-1.608,99.325,8.012
0,-3.6445,-34.583,-28.932,-1.8945,NaN,-1.8222,99.1,8.0593
0,-3.2622,-36.813,-30.522,-1.9915,NaN,-2.014,99.05,7.7622
0,-2.7475,-45.79,-37.276,-2.4208,NaN,-2.2358,99.15,8.6975
0,-1.3155,-37.004,-30.489,-1.9411,NaN,-1.8272,99.325,8.6
0.5,1.5965,-14.948,-12.595,-0.71782,0.33333,-1.3807,99.4,4.5972
43.5,-34.645,-13.751,-11.734,-0.46913,0.57561,-1.049,99.525,5.5667
157.25,-133.17,-10.565,-11.848,0.046927,0.59076,-0.42975,98.825,10.44
127.75,-59.83,-0.24389,-8.8234,1.6602,0.74728,-0.00975,96.975,10.623
113,-40.74,7.8203,-8.9731,2.0059,0.74986,0.31925,94.575,10.402
136.5,-44.975,13.972,-7.8666,2.7541,0.73275,0.612,92.775,9.695
202.75,-59.975,25.299,0.48158,4.7549,0.71947,1.1267,92.325,9.535
197,-50.575,33.226,12.966,5.4337,0.71356,1.4195,94.575,9.94
158.75,-40.325,41.419,20.422,5.0852,0.71677,1.617,95.125,10.878
100.5,-29.12,34.895,22.65,3.6369,0.72874,1.3157,97.65,11.262
71.25,-28.395,40.931,29.317,3.1906,0.72086,1.4543,98.15,11.952
42.25,-14.342,47.846,37.675,3.1998,0.7121,1.516,98.9,13.402
18.5,-3.7675,34.872,28.342,2.1988,0.71429,1.4167,99.275,10.453
5.25,2.1238,34.453,28.707,1.9897,0.72,1.2928,99.575,11.318
0.25,3.3712,32.022,26.883,1.7638,0.5,1.17,99.7,11.623
0,-0.593,11.728,9.0948,0.57068,NaN,0.439,99.7,11.345
0,2.1197,18.421,15.569,1.0187,NaN,0.7415,99.9,10.55
0,1.0568,11.139,9.3575,0.608,NaN,0.51375,99.925,9.207
0,0.4095,10.591,9.0335,0.56516,NaN,0.562,99.975,8.003
0,1.0715,13.537,11.582,0.73882,NaN,0.66625,99.975,8.6285
0,1.1605,8.2748,7.0894,0.46616,NaN,0.43625,100,8.055
0,2.174,12.801,11.025,0.73348,NaN,0.726,100,7.488
0,2.2628,12.074,10.429,0.69862,NaN,0.8425,100,6.0857
0,-6.0335,11.233,9.7056,0.42048,NaN,0.8525,100,5.5957
0.25,-2.9752,6.7273,5.7624,0.27545,0.66667,0.408,100,7.002
9.25,-18.596,0.46034,0.44369,-0.23816,0.63366,0.02975,100,6.571
36.25,-30.248,1.7576,0.94534,0.24558,0.62042,0.11275,99.675,6.62
124.5,-12.02,9.7336,2.1275,3.5076,0.66532,0.56775,96.975,7.2805
254,-46.7,19.569,5.2329,6.5475,0.63779,1.5417,92.65,5.39
273.75,-46.7,18.865,4.454,7.0628,0.63826,2.0565,89.85,3.8955
334,-51.475,28.866,9.1845,9.0433,0.62228,3.0642,87.05,4.4737
325.5,-38.7,23.908,8.6766,9.0097,0.62228,3.5015,86.4,3.5625
329.5,-17.25,23.925,8.0884,9.7115,0.61686,4.0482,83.775,3.3172
280,-6.925,49.71,21.318,9.707,0.63387,3.4137,88.25,6.1837
100.75,-42.111,23.488,14.085,2.7141,0.66191,2.1725,95.175,4.5913
75,-67.063,28.788,20.447,1.6128,0.66102,1.8988,97.4,6.4385
38.75,-19.462,25.726,20.84,1.8577,0.63095,1.8275,98.9,5.978
7.75,-6.7867,23.192,19.246,1.2243,0.62195,1.6947,99.275,5.8113
0.25,7.7787,31.543,27.318,1.8869,0,1.8788,99.65,7.1297
0,7.6185,26.003,22.699,1.5888,NaN,1.8247,99.775,6.0515
0,8.1522,17.61,15.32,1.1589,NaN,1.6882,99.8,4.4295
0,3.7707,19.672,17.259,1.1482,NaN,1.678,99.9,4.9785
0,-63.235,18.62,14.338,-0.85409,NaN,1.6915,98.5,4.6747
0,-88.425,20.259,10.414,-1.6292,NaN,1.8045,94.85,4.7677
0,-85.575,21.583,6.2272,-1.6295,NaN,1.8502,91.55,4.9537
0,-71.825,17.671,4.3583,-1.4047,NaN,1.6593,91.85,4.5228
0,-76.433,14.699,3.7573,-1.6355,NaN,1.5275,92.575,4.0865
0,-58.052,10.052,3.3651,-1.2592,NaN,1.1197,95.2,3.812
0,-70.488,8.3645,3.0421,-1.6667,NaN,1.0968,95.55,3.2388
39.75,-77.125,12.018,-0.24572,-0.72224,0.7609,2.3385,84.15,2.754
161.5,-99.987,12.998,-0.52037,2.0872,0.57997,2.966,79.985,2.6067
273.5,-76.775,13.631,1.249,5.9693,0.54188,2.306,86.25,3.0282
351,-25.425,6.5973,1.3674,9.409,0.54855,3.2437,83.87,1.8867
401,30.325,0,-0,12.168,0.55108,5.0355,63.082,1.1368
462.5,45.45,1.3385,0.21532,14.373,0.54411,6.2037,70.03,1.6855
405.75,70.125,5.3753,0.746,13.597,0.5739,6.8122,66.875,2.0088
213,30.575,1.7954,0.61772,6.9392,0.58801,5.596,78.448,1.6612
154.25,-60.413,12.027,4.4928,3.1131,0.59647,4.6873,82.485,2.3028
260.75,-54.7,15.897,5.3762,6.4127,0.61725,4.978,80.418,2.548
132.25,-27.657,11.92,1.4197,3.3268,0.66306,4.8692,74.257,2.2933
21.25,-69.352,18.005,9.2674,-0.58762,0.68635,3.7857,89.175,2.8765
10.75,-49.818,10.826,7.1638,-0.59458,0.65873,3.6033,93.25,2.2637
0,-97.15,0.82919,0.32533,-2.708,1,3.4503,87.275,1.3035
0,-107.22,0,-0,-3.0248,NaN,4.0505,70.203,0.86725
0,-99.275,0,-0,-2.8005,NaN,3.941,63.147,0.95075
0,-92.85,48.091,-58.39,-2.9098,NaN,3.526,48.815,5.792
0,-92.325,30.329,-37.828,-2.816,NaN,4.0825,41.683,3.866
0,-85.425,1.9352,-2.0976,-2.4144,NaN,4.5702,41.148,1.563
0,-82.51,1.451,-1.5961,-2.3317,NaN,5.2415,34.413,1.5925
0,-80.79,0.49326,-0.62618,-2.2828,NaN,4.2112,39.675,1.3573
0,-81.587,0,-0,-2.3016,NaN,4.0675,39.765,0.838
0,-77.292,8.0988,-9.9349,-2.2322,NaN,4.8915,33.822,2.0433
1.25,-80.335,22.014,-20.73,-2.1947,0.64286,4.816,43.028,2.9743
67,-94.09,43.529,-39.552,-0.65199,0.55482,4.4108,47.605,4.8165
159.25,-75.905,61.436,-44.028,2.8422,0.55046,5.6993,43.075,5.3065
285.25,-18,73.104,-44.662,8.3414,0.5341,6.7417,39.9,5.439
340.5,28,78.812,-48.409,11.253,0.53515,6.6022,40.63,5.8358
380.75,68.5,59.504,-36.126,13.333,0.53297,6.624,40.752,4.7435
437,112.17,34.396,-21.988,15.842,0.52552,6.245,41.995,3.484
452.25,130.48,43.853,-27.024,16.913,0.53268,6.8048,39.328,3.8708
411.25,88.45,34.397,-9.0841,14.81,0.5452,7.7353,47.733,3.3172
318,52.425,59.768,-16,11.684,0.56138,7.3722,49.287,4.513
253.25,25.3,50.554,-11.354,8.9636,0.59802,7.1318,52.058,4.1305
144.25,-33.425,65.543,-10.788,4.671,0.65136,6.515,57.208,5.1252
48.25,-73.685,60.552,-15.292,0.55924,0.75,6.0198,56.657,5.0715
2,-90.56,77.091,-39.215,-1.4298,0.94631,6.0755,47.578,6.0713
0.25,-92.4,86.804,-55.399,-1.7136,0,6.2243,42.165,6.5708
0,-87.9,81.694,-59.763,-1.861,NaN,5.5012,44.023,6.3063
0,-81.66,79.198,-65.239,-1.9098,NaN,5.296,42.64,6.3505
0,-73.688,85.483,-97.045,-2.4049,NaN,4.9555,35.957,7.3255
0,-65.763,69.38,-89.09,-2.4112,NaN,4.5623,35.5,6.458
0,-71.955,61.975,-37.758,-1.3467,NaN,5.1297,50.593,5.743
0,-73.558,63.003,-28.124,-1.0911,NaN,5.3155,54.42,5.6742
0,-70.562,58.139,-35.246,-1.3447,NaN,4.7748,53.285,5.7427
0,-77.523,67.212,-38.488,-1.3766,NaN,4.732,54.59,6.0318
0,-76.11,60.736,-58.863,-2.0942,NaN,5.2065,38.81,5.591
0,-76.392,69.519,-90.027,-2.7335,1,4.8392,32.308,6.1005
25,-72.94,57.739,-91.829,-2.314,0.57265,4.828,23.645,5.6643
127,-77.477,63.633,-78.669,0.97284,0.55044,6.0457,22.883,5.248
136.5,-70.414,41.337,-41.043,1.8726,0.5495,6.1915,30.082,3.876
392.25,35.3,8.3517,-4.6399,12.166,0.52382,8.9802,30.23,2.3078
403.25,65.075,0,-0,13.211,0.51649,10.81,23.205,1.3425
423.5,100.17,0,-0,14.773,0.5135,9.835,21.453,1.225
482.75,139.42,0,-0,17.551,0.51713,9.2525,33.473,1.1612
421,136.75,0.0057461,-0.00085028,15.734,0.533,8.0808,50.79,1.6903
368.25,110.5,0,0,13.505,0.55242,9.7725,53.057,1.6072
258,63.55,0.69681,0.025883,9.0912,0.58571,8.7643,55.635,1.8767
151.25,-1.3275,0,-0,4.2293,0.63794,7.8312,52.175,1.117
50.75,-73.18,0,-0,-0.63274,0.74173,8.4127,32.555,1.5975
2.25,-103.5,40.058,-32.012,-2.6292,0.93919,7.6345,27.483,3.567
0,-111.72,122.63,-116.89,-2.99,NaN,6.6465,28.133,7.835
0,-110.22,139.25,-130.12,-2.8518,NaN,6.8662,27.282,8.6125
0,-112.8,156.1,-112.8,-1.9606,NaN,7.6568,30.318,8.6575
0,-113.42,157.9,-113.96,-1.9601,NaN,8.0182,28.325,8.3625
0,-110.58,162.48,-123.18,-2.0105,NaN,8.1875,25.95,8.4275
0,-110.2,156.16,-106.65,-1.712,NaN,8.455,27.558,7.8435
0,-107.28,139.71,-104.13,-2.0224,NaN,7.707,29.148,7.698
0,-109.07,129.43,-106.38,-2.427,NaN,7.0365,30.305,7.811
0,-109.17,156.55,-128.35,-2.2841,NaN,7.6088,26.835,8.7375
0,-107.7,142.7,-112.12,-2.1756,NaN,7.363,29.627,8.23
1.25,-107.45,125.28,-110.34,-2.5745,0.58333,7.0547,28,7.541
64.25,-107.99,115.83,-101.81,-0.83836,0.53358,7.542,24.96,7.2325
182.75,-77.773,146.74,-111.37,3.959,0.51589,8.094,26.428,7.6988
303.25,-12.225,151.2,-119.57,9.1021,0.49647,8.1847,24.657,7.845
397.75,52.475,115.38,-88.503,13.459,0.49363,8.68,22.968,6.5367
467.25,106.25,156.34,-116.99,17.288,0.49018,9.395,20.21,7.8735
502.5,152.55,163.62,-104.63,20.143,0.49037,9.5025,24.325,8.1052
495,151.92,194.7,-127.65,20.141,0.50063,9.5125,23.595,8.6917
448.25,131.03,181.04,-98.002,18.684,0.51749,8.74,31.938,8.7962
371.75,101.48,173.56,-85.424,15.836,0.53834,8.52,34.985,8.6508
272.5,54.625,155.41,-92.763,10.995,0.56694,9.4775,26.245,7.7858
160,-14.772,142.27,-27.71,7.3285,0.61189,7.5892,51.083,7.9608
54.75,-70.221,94.825,-6.6836,2.05,0.6858,7.0972,57.975,6.424
3.75,-102.62,98.365,-3.1042,-0.10196,0.74138,6.8237,60.6,6.806
0,-113.6,122.77,-84.559,-2.1267,NaN,7.089,34.94,7.3545
0,-113.22,205.48,-205.25,-3.1877,NaN,8.275,15.8,10.545
0,-101.88,170.67,-138.04,-1.9533,NaN,8.1915,23.9,8.8477
0,-100.88,184.22,-132.32,-1.3817,NaN,7.8835,29.205,9.9232
0,-104.2,175.81,-90.756,-0.54011,NaN,7.8055,37.547,9.565
0,-103.97,170.49,-17.082,1.3943,NaN,7.3037,55.96,9.9125
0,-110,179.18,-157.3,-2.4859,NaN,6.628,30.978,11.48
0,-112.38,166.24,-129.69,-2.139,NaN,6.954,32.383,10.152
0,-114.7,201.42,-192.07,-2.9718,NaN,7.5462,22.062,11.335
0,-113.75,210.88,-219,-3.4378,NaN,7.3105,20.367,12.25
0.75,-114.23,150.5,-159.13,-3.4445,0.57143,7.4158,18.94,8.6185
65.5,-110.67,197.76,-208.32,-1.572,0.52277,7.9005,15.928,10.63
185.5,-79.828,160.73,-172.83,2.6398,0.50134,6.6662,23.585,10.239
308.25,-18.125,161.27,-182.83,7.5761,0.48215,7.1787,17.693,9.54
409.75,46.875,184.27,-186.04,12.831,0.47265,7.8585,17.91,9.9575
479.25,91.25,151.94,-168.24,15.634,0.47059,6.6015,22.918,9.774
513,107.48,88.179,-54.062,18.466,0.47236,4.225,57.328,8.863
495.5,102.4,73.462,-3.2144,18.848,0.48719,3.9863,74.067,7.826
214.5,46.775,56.906,35.06,9.9648,0.54434,2.7977,94.025,8.6375
123,24,71.134,59.732,7.8385,0.55993,2.9565,98.3,10.217
60,12.57,80.436,70.147,6.2951,0.56757,3.2477,98.7,10.518
17.75,10.633,106.32,94.686,6.471,0.56707,3.4005,98.975,13.277
8.75,12.827,90.768,82.18,5.4875,0.57317,3.5355,99.2,10.902
0.75,11.633,67.519,60.235,3.9532,0.625,3.0975,99.275,9.2568
0,3.1382,43.394,37.975,2.3839,NaN,2.6978,99.25,6.8308
0,10.143,17.116,14.905,1.1894,NaN,2.3913,99.4,3.5083
0,10.045,12.77,11.139,0.95782,NaN,2.2063,99.55,2.9645
0,8.109,15.124,13.038,1.0232,NaN,1.7315,99.675,3.7092
0,4.747,19.716,17.143,1.1737,NaN,1.8295,99.725,4.5765
0,4.8015,20.409,17.833,1.2142,NaN,1.7443,99.825,4.9688
0,8.2825,23.569,20.495,1.4767,NaN,1.8793,99.7,5.326
0,7.2983,22.632,19.657,1.3988,NaN,1.9872,99.625,4.8362
0,1.6728,8.6821,7.3449,0.4993,NaN,1.1943,99.75,3.0873
0,-13.02,7.3363,6.3319,0.0183,NaN,0.812,100,3.8367
0,-7.3102,5.7691,4.9268,0.095506,NaN,0.60525,99.975,4.0478
6.75,-0.47425,5.8938,4.8755,0.48084,0.625,0.5765,99.85,4.3415
67.75,40.537,6.2445,0.19713,3.2365,0.71292,0.488,96.625,5.434
259.25,-1.7,14.081,-6.5902,7.4767,0.56355,0.997,89.25,5.9975
407.25,-19,14.028,-12.247,11.003,0.50092,1.1907,83.453,5.0027
469.75,35.2,17.87,-6.3784,14.569,0.49435,1.6267,84.425,4.665
456.75,52.925,18.9,0.072811,14.913,0.50821,1.9025,87.225,4.2188
333.5,47.1,22.695,1.8993,11.43,0.54063,1.7405,89.3,5.5373
296,62.775,24.335,-5.0697,10.664,0.53876,1.7288,85.5,5.9777
215.25,35.975,22.492,-4.1019,7.6057,0.54275,1.3435,88.8,7.1093
126,9.625,16.114,-3.2263,4.1895,0.55398,1.0742,90.775,6.37
46.75,8.0175,15.112,8.5383,2.2121,0.56103,0.779,98.1,8.238
15.75,4.1625,13.24,10.832,1.2408,0.56552,0.65225,99.775,8.62
2.75,1.3565,10.968,9.3362,0.68861,0.57692,0.49325,99.975,9.4425
0,-10.081,0.41119,0.3054,-0.26417,NaN,0.02125,99.95,8.2172
0,-74.025,-12.793,-17.578,-2.945,NaN,-0.6055,96.925,8.9725
0,-71.955,-20.052,-28.873,-3.41,NaN,-0.80675,95.325,10.555
0,-88.78,-35.553,-84.748,-5.8981,NaN,-1.2352,81.433,12.223
0,-90.84,-34.646,-68.578,-5.4745,NaN,-1.387,84.255,10.608
0,-2.6603,-20.887,-16.88,-1.1404,NaN,-0.9065,100,9.785
0,4.1855,-7.4436,-6.075,-0.26328,NaN,-0.406,100,7.7858
0,-1.1702,-6.9661,-5.6833,-0.38985,NaN,-0.313,100,9.4512
0,-2.2837,-0.53763,-0.34666,-0.089369,NaN,-0.01975,100,11.56
0,-2.328,6.4683,5.5536,0.27346,NaN,0.237,100,11.59
0.25,-0.5515,11.602,9.937,0.5991,0.5,0.38075,100,12.94
10.25,-0.5835,21.387,18.205,1.3896,0.57292,0.67325,99.95,13.49
39,-3.775,23.626,19.15,2.2004,0.57838,0.7675,99.675,13.072
115.5,-21.1,20.957,13.476,3.6343,0.59826,0.65475,98.825,13.592
119.5,-20.875,28.75,18.692,4.1205,0.60594,0.8595,98.5,14.205
84.5,-20.39,28.877,20.459,3.2003,0.65369,0.903,98.85,13.58
104.25,-29.257,33.386,23,3.7061,0.65792,1.022,98.525,13.872
87.5,-17.688,41.751,29.141,3.9692,0.66118,1.173,98.375,15.115
68.75,-19.68,22.043,15.977,2.4568,0.66787,0.75475,99.15,12.402
45,-16.235,46.048,36.657,3.1445,0.66038,1.131,99.325,17.29
37.75,-7.98,62.234,52.345,4.072,0.63171,1.611,99.475,16.405
19,-0.5325,67.477,58.069,4.0626,0.61616,1.7868,99.625,16.038
6.5,5.2175,74.416,65.147,4.2676,0.5873,2.2088,99.6,14.308
0.5,5.8667,88.175,77.288,4.8473,0.71429,2.2375,99.6,16.735
0,7.9885,89.902,78.997,4.9899,NaN,2.52,99.45,15.15
0,10.36,92.434,82.365,5.2233,NaN,2.847,99.45,13.787
0,9.8725,99.293,88.376,5.5726,NaN,2.751,99.5,15.327
0,9.495,110.54,98.542,6.1659,NaN,2.8247,99.475,16.617
0,8.3135,108.19,96.162,5.9991,NaN,2.854,99.4,16.098
0,8.03,112.11,99.337,6.1915,NaN,2.7797,99.4,17.127
0,6.2965,96.859,84.391,5.2906,NaN,2.368,99.425,17.37
0,5.1152,83.498,72.674,4.5499,NaN,2.0337,99.625,17.435
0,6.4472,87.187,76.499,4.7994,NaN,2.3008,99.575,16.093
0,6.6407,91.237,80.355,5.0279,NaN,2.4272,99.55,15.963
0.25,7.6653,112.25,99.207,6.1884,0,2.5833,99.5,18.453
8.25,7.72,124.82,110.57,7.0909,0.54167,2.8715,99.325,18.46
39.5,2.6325,144.09,129.04,8.8935,0.54203,3.1578,99.3,19.377
60.75,-1.6425,161.18,143.32,10.257,0.54917,3.3935,98.95,20.17
58.5,-0.87,126.7,110.79,8.3251,0.55849,3.25,98.75,16.555
68.25,-2.23,128.36,112.23,8.6492,0.56039,3.061,98.925,17.808
112.25,-15.18,102.39,86.584,8.0691,0.58116,3.0032,98.375,14.477
121.5,-23.845,102.24,83.877,8.005,0.63238,2.892,97.975,15.013
138.25,-24.575,106.16,86.438,8.64,0.63618,3.2145,97.45,14.025
101.25,-15.105,95.738,78.159,7.3357,0.6215,2.7785,98.025,14.633
53.75,-4.3125,82.081,69.522,5.6713,0.60838,2.5715,98.825,13.555
47.75,-1.3875,88.311,77.594,5.988,0.58114,2.9367,99.125,12.77
17.25,6.3075,77.138,67.481,4.7442,0.58929,2.69,99.25,12.178
2.25,6.1472,60.819,52.888,3.4445,0.57143,2.0972,99.575,12.315
0,3.5513,46.188,40.17,2.5363,NaN,1.566,99.85,12.525
0,-0.19075,34.26,29.597,1.796,NaN,1.258,99.9,11.565
0,-12.474,35.042,28.51,1.4409,NaN,1.2195,99.425,12.203
0,-14.702,20.614,17.009,0.64659,NaN,0.68525,99.8,12.775
0,-4.4225,13.814,11.654,0.59367,NaN,0.5945,99.925,9.8675
0,-17.782,2.8727,2.3734,-0.35365,NaN,0.1465,99.95,8.327
0,-54.188,1.8336,-6.3854,-1.657,NaN,0.09175,96.55,8.4868
0,-42.52,-2.6584,-3.5032,-1.3733,NaN,-0.45,97.975,2.5088
0,-30.833,-2.3166,-1.8687,-0.98784,NaN,-0.97475,100,1.0092
0,-96.645,20.685,-34.903,-3.1274,NaN,1.901,62.905,4.6208
0.5,-112.15,76.027,-99.919,-3.8236,0.5,3.4405,47.477,9.384
44.5,-111.69,36.527,-66.414,-2.7386,0.49432,3.0035,42.395,5.1645
178.75,-98.1,81.272,-102.17,1.6857,0.48188,6.8705,15.408,5.821
312.5,-44.675,87.552,-101.26,7.1685,0.46672,8.185,10.031,5.527
416.5,10.525,101.18,-109.57,11.81,0.45768,8.2873,12.35,6.0955
487.5,69.9,71.4,-67.082,15.846,0.45576,8.8275,15.09,4.6597
523.75,125.1,20.492,-6.924,18.687,0.46116,7.329,46.83,2.7392
511.75,148.23,29.185,-11.676,19.112,0.46928,5.7565,53.182,3.2732
480.75,130.1,28.178,-18.42,17.507,0.47516,6.9165,37.28,3.097
404.25,109.6,15.689,-6.4471,14.756,0.49167,6.872,46.462,2.5185
298,68.45,0,0,10.337,0.51545,6.8527,64.685,1.382
174.5,-10.35,0,0,4.6306,0.55823,6.4117,69.097,0.588
65.5,-78.021,11.295,-11.165,-0.34955,0.64499,7.0965,23.705,2.3225
6.25,-107.25,125.31,-123.74,-2.8048,0.77273,7.2202,22.905,7.3703
0,-106.78,161.72,-161.12,-2.9952,NaN,7.723,19.285,8.8925
0,-103.92,169.91,-174.54,-3.0624,NaN,8.2225,14.975,8.775
0,-99.35,169.61,-177.73,-3.0319,NaN,7.8652,16.365,9.1575
0,-98.825,149.54,-161.75,-3.1324,NaN,7.2513,19.14,8.7575
0,-100.55,142.11,-148.13,-3.0062,NaN,7.5645,18.525,7.978
0,-96.85,148.8,-145.52,-2.6395,NaN,7.907,18.855,7.9918
0,-91.825,168.01,-161.9,-2.4179,NaN,8.515,15.835,8.3793
0,-95.5,175.84,-174.12,-2.6456,NaN,8.7825,13.245,8.5025
0,-103.88,163.26,-163.05,-2.9243,NaN,8.525,14.35,8.1325
0,-113.32,137.94,-134.33,-3.0951,NaN,8.8125,13.755,7.4478
0.25,-111.35,126.78,-124.25,-3.0627,0.5,8.525,15.11,7.1245
51.5,-98.928,112.79,-101.75,-1.0267,0.53499,8.4425,18.737,6.5415
173.75,-73.565,124.51,-98.917,3.5482,0.4794,9.3,18.718,6.6248
304.25,0.375,88.945,-65.051,9.2674,0.45007,10.203,17.305,5.0125
407,81.9,64.169,-50.629,14.174,0.44532,9.685,17.122,4.248
485.5,121.3,189.15,-162.42,17.872,0.43873,9.5875,14.607,8.3783
529.25,147.12,197.38,-146.03,20.529,0.43742,8.475,25.145,9.89
496.25,144.12,177.85,-129,19.443,0.44876,8.655,24.805,8.7265
405.25,104.52,216.14,-87.925,17.997,0.4659,8.0958,40.43,11.338
418,120.1,196.14,-56.989,19.105,0.47668,7.7302,46.725,10.775
219,55.7,83.396,52.224,11.575,0.49713,3.805,91.925,9.3075
88.25,1.0125,88.101,46.796,6.3234,0.50629,3.9237,89.203,9.535
15.25,-19.104,93.39,67.653,4.4343,0.53788,2.9607,95.9,13.395
2,-5.7337,66.882,51.621,3.2376,0.55556,2.8458,97.05,9.9805
0,-54.83,67.115,38.615,1.4359,NaN,2.685,93.5,10.615
0,-105.53,95.358,7.8504,-0.065365,NaN,3.1655,81.488,12.793
0,-101.75,117.31,-35.745,-0.56937,NaN,3.6705,69.43,13.573
0,-65.993,44.814,20.469,-0.020021,NaN,2.6433,91.355,7.1997
0,-50.05,5.9118,4.0456,-1.131,NaN,1.6835,97.4,2.0382
0,-104.53,87.202,-97.679,-3.2442,NaN,4.697,38.875,7.884
0,-21.133,1.3763,0.93089,-0.53106,NaN,0.5445,99.175,1.3475
0,-8.3167,0.05598,0.010702,-0.23273,NaN,0.0165,99.875,1.4407
0,-47.784,-2.5783,-7.7143,-1.6383,NaN,-0.43475,91.528,2.5185
0,-91.243,-1.9804,-27.32,-3.4005,NaN,-0.2875,66.935,2.9253
0,-84.282,34.67,-66.113,-3.2646,1,3.719,29.457,4.5228
44,-90.55,43.322,-52.615,-1.5753,0.55556,3.569,48.307,5.1547
167.25,-94.79,59.368,-43.774,2.484,0.48499,4.2663,53.608,5.9095
300.25,-38.275,69.819,-40.682,8.2122,0.45085,5.7758,46.99,5.8115
410.25,26.525,67.543,-19.601,13.674,0.43917,5.8078,56.545,5.6398
490.5,80.9,46.125,-5.3482,17.269,0.43458,5.0008,66.528,4.6452
534,127.65,41.905,-8.4716,19.608,0.43342,4.4655,67.023,4.6402
533.25,133.08,56.79,-23.908,19.724,0.44045,5.1917,56.012,5.3117
491.5,116.17,38.892,-2.3403,18.173,0.45252,4.999,68.233,4.116
414.75,79.525,32.285,15.194,15.283,0.46878,3.614,88.6,4.3613
274.5,59.05,26.186,11.977,10.486,0.49237,3.1967,89.6,4.023
184.75,-25.65,30.943,13.874,5.7524,0.52044,3.7395,87.66,4.1305
79.25,-80.06,30.314,10.947,1.1411,0.54972,3.2092,87.43,4.503
5.25,-108.58,60.194,-51.131,-2.6591,0.60377,4.9757,44.43,5.7333
0,-104.9,58.062,-56.02,-2.9016,NaN,5.2763,38.355,5.346
0,-98.425,52.289,-61.474,-3.0356,NaN,5.0548,33.79,5.0715
0,-97.625,58.906,-76.977,-3.2638,NaN,4.9795,30.53,5.6303
0,-87.95,58.603,-72.442,-2.8714,NaN,5.4305,28.372,5.282
0,-76.022,65.152,-73.721,-2.3863,NaN,5.8718,27.912,5.444
0,-82.775,67.643,-76.471,-2.5841,NaN,5.6383,29.938,5.7628
0,-88.65,90.38,-99.453,-2.7567,NaN,5.8368,29.25,6.5758
0,-88.275,95.556,-105,-2.7565,NaN,6.1117,27.05,6.6395
0,-76.987,86.728,-90.36,-2.2742,NaN,6.34,27.237,6.478
0,-68.403,83.312,-78.431,-1.7919,NaN,6.54,29.318,6.1348
0.25,-56.51,89.053,-75.896,-1.2159,0,6.9792,29.553,6.1837
15,-40.687,113.38,-102.73,-0.42416,0.53846,7.9302,21.545,6.855
85,-39.877,119.87,-105.79,1.6702,0.51289,8.4875,19.285,6.8352
206.5,-7,143.55,-125.73,6.1308,0.46606,8.995,16.843,7.58
376,74.8,147.39,-134.08,13.092,0.44686,9.215,14.293,7.6102
449.5,128.95,119.26,-100.65,16.843,0.44005,9.4525,15.885,6.3495
458.25,160.7,121.92,-107.35,17.871,0.4437,9.73,12.997,6.3407
366.75,105.35,133.25,-119.18,13.715,0.45626,9.4125,13.945,6.9235
359,90.275,196.65,-185.59,12.986,0.46217,9.3175,12.337,8.9625
258.5,48.375,178.51,-175.19,8.7507,0.47486,8.4675,15.385,8.9527
292.25,42.475,188.76,-194.42,9.2827,0.48274,8.27,14.58,9.6925
188.25,-25.65,174.69,-161.1,4.9701,0.5216,7.0182,26.7,10.57
39.5,-93.308,116.01,-104.06,-1.1809,0.56233,5.461,38.998,9.021
2.75,-77.705,105,-29.403,0.018033,0.54167,4.2843,65.98,10.408
0,-3.0585,92.004,68.508,4.4417,NaN,3.295,95.775,11.857
0,-16.915,87.562,49.053,3.3767,NaN,3.1373,92.025,11.852
0,-53.457,82.364,29.59,1.6502,NaN,3.0783,87.875,11.363
0,-79.645,102.26,9.5384,0.90711,NaN,3.1197,81.963,13.92
0,-42.537,59.65,-1.5909,0.43786,NaN,2.014,86.075,12.578
0,-56.185,65.215,-46.581,-1.0593,NaN,2.2993,72.657,12.045
0,-19.873,62.613,38.984,2.3054,NaN,2.3635,95.125,11.25
0,-3.4535,69.336,51.184,3.3024,NaN,2.5112,96.9,11.725
0,-3.9358,76.039,64.535,3.8545,NaN,2.8438,98.6,11.355
0,4.8135,73.508,63.992,4.0146,NaN,3.1872,98.725,9.794
0,3.891,68.213,58.952,3.6971,NaN,2.6262,99.1,11.03
7,2.2363,54.022,46.154,3.0865,0.52542,1.9688,99.425,11.652
31.25,3.5225,49.377,41.435,3.5427,0.53704,1.868,99.275,11.225
38,1.275,37.263,30.862,3.0297,0.59788,1.5245,99.375,10.38
67.75,-7.305,41.156,32.517,3.7834,0.59673,1.727,98.725,10.12
79.5,-2.1675,33.649,25.577,3.8523,0.6015,1.4307,98.675,9.9875
80.5,2.9325,27.734,21.482,3.742,0.60099,1.2678,99,9.2903
78,-31.415,20.175,12.896,2.2471,0.61529,0.832,98.475,10.297
73.75,-26.782,41.385,31.246,3.3738,0.64199,1.4245,98.625,12.338
48,-0.24,52.263,42.479,4.0199,0.64246,1.7275,99.025,12.848
44,-3.125,45.931,36.807,3.4871,0.6386,1.7792,98.825,10.962
24.75,4.1875,46.232,38.049,3.1939,0.63869,1.6763,99.2,11.713
10.5,3.91,35.332,29.248,2.2283,0.63158,1.1535,99.6,13.008
1,3.204,29.138,24.99,1.6455,0.71429,0.984,99.925,12.575
0,3.0788,29.856,25.742,1.6553,NaN,1.1252,99.925,11.267
0,2.1033,18.226,15.684,1.0159,NaN,0.68875,100,11.238
0,0.86925,6.5401,5.6027,0.36707,NaN,0.3255,100,8.5325
0,-24.756,-5.3431,-4.4977,-0.97595,NaN,-0.32725,99.925,6.9335
0,-122.67,-13.26,-33.067,-4.7675,NaN,-0.8475,86.825,6.6445
0,-119.9,-12.338,-40.354,-4.8688,NaN,-0.85475,80.57,6.1298
0,-118.67,-8.5067,-42.134,-4.7763,NaN,-0.65825,75.192,5.488
0,-116.05,-14.64,-49.418,-5.0808,NaN,-1.142,72.293,5.444
0,-118.35,1.0729,-81.231,-5.5998,NaN,0.07475,50.585,6.0955
0,-116.67,10.883,-105.6,-5.9634,NaN,0.591,48.1,7.8197
0,-117.5,1.4723,-71.029,-5.2768,1,0.0845,64.198,7.399
33,-120.84,10.317,-97.677,-4.9423,0.6442,0.57725,50.393,7.5897
135,-106.65,16.1,-99.203,-1.5446,0.57547,1.1207,36.93,6.1005
244.75,-57.375,18.252,-54.847,4.2535,0.55276,2.3675,32.252,3.714
346,-24.925,6.0796,-10.076,8.9447,0.52748,2.3582,55.755,1.8815
430.5,63,12.373,-14.847,13.852,0.5094,2.6298,60.097,2.6557
470.75,96.575,3.9159,-2.8476,16.034,0.50185,3.5227,60.423,1.6412
469.5,100.9,1.2791,-0.52797,16.112,0.49678,4.7003,59.49,1.5142
440.5,93.9,5.2414,-0.9598,15.196,0.49801,5.3018,62.82,1.8815
372.5,57.575,0,-0,12.132,0.5063,4.6227,61.075,0.877
205.5,-11.15,16.573,-2.1999,5.888,0.5446,3.1378,76.955,2.95
140,-24.8,2.7843,-0.52022,3.3136,0.55591,3.1255,75.86,1.4945
29,-71.047,4.7661,-3.0299,-1.1372,0.58719,1.7637,79.47,1.7835
2.75,-121.12,22.509,-56.282,-4.292,0.56,1.9353,50.438,4.9392
0,-105.88,7.1891,-51.79,-4.2449,NaN,0.69925,53.48,4.366
0,-86.558,8.8562,-22.804,-2.8352,NaN,1.6247,56.627,2.724
0,-95.2,-1.4175,-10.282,-3.0156,NaN,-0.2275,87.075,2.646
0,-63.188,-0.19029,-7.4784,-1.9988,NaN,-0.05075,82.965,1.5922
0,-45.055,-1.1869,-28.852,-2.1184,NaN,-0.158,67.407,3.19
0,-43.735,-0.33516,-23.168,-1.8968,NaN,-0.047,72.02,3.0282
0,-48.652,-1.0757,-15.009,-1.8262,NaN,-0.181,79.085,2.5238
0,-46.718,-4.681,-7.369,-1.6578,NaN,-0.91775,93.475,2.166
0,-43.495,-8.7359,-7.0594,-1.6726,NaN,-1.2018,99.925,3.087
0,-82.582,-8.8628,-13.108,-2.9494,NaN,-1.1655,92.55,3.2292
0.25,-96.725,-10.358,-23.749,-3.6837,0,-1.3747,80.278,3.1995
37.75,-93.6,-1.5323,-34.335,-2.5873,0.58402,-0.20525,60.96,3.1702
149.5,-82.463,0.44006,-17.987,1.3961,0.54902,0.06575,76.282,2.8422
234.25,-46.825,5.8144,-15.754,5.0068,0.51375,0.70775,79.168,3.4888
303.75,5.3,6.3322,-5.9397,8.7293,0.49417,0.834,87.725,3.2242
295.75,33.975,5.3381,-7.0631,9.2528,0.50168,0.52275,90.475,4.3365
369.5,50.475,9.2306,-6.9443,11.912,0.48249,1.061,86.175,3.6945
346.75,52.95,10.19,-2.9504,11.48,0.47542,1.1575,89.275,3.7385
169.5,19.495,11.985,0.84518,5.6934,0.49815,1.0922,93,4.6597
96.5,-10.767,10.091,4.1274,2.8196,0.6212,0.6225,97.675,6.884
92,0.0175,11.431,0.094607,2.9209,0.58791,0.81875,94.275,5.9287
23,-8.598,4.363,2.0469,0.5871,0.68707,0.241,99.2,7.688
12.25,-10.977,7.5949,5.3599,0.40137,0.66667,0.3325,99.575,9.7
1.75,-5.9857,3.4565,2.5579,0.050175,0.63158,0.16525,99.825,8.8825
0,-5.244,-0.10188,-0.12784,-0.15441,NaN,-0.00475,99.95,9.108
0,-2.123,-1.7085,-1.3438,-0.14599,NaN,-0.07925,100,9.155
0,-3.2118,-5.9433,-4.8447,-0.39493,NaN,-0.273,100,9.245
0,-3.6675,-8.5715,-6.9957,-0.54261,NaN,-0.35625,100,10.217
0,-2.9548,-7.6715,-6.2614,-0.47639,NaN,-0.36625,100,8.895
0,-2.1703,-6.8366,-5.5792,-0.41147,NaN,-0.3375,100,8.6022
0,-1.1647,-6.9578,-5.6789,-0.38933,NaN,-0.38725,100,7.63
0,-5.8048,-14.049,-11.407,-0.88183,NaN,-0.7185,100,8.3033
0,-1.441,-15.136,-12.305,-0.81476,NaN,-0.663,100,9.695
0,-2.8825,-18.747,-15.203,-1.039,NaN,-0.769,100,10.352
0,-3.2145,-5.9636,-4.8521,-0.39579,NaN,-0.228,100,11.107
12,-5.1433,-2.6117,-2.0711,0.061327,0.69811,-0.0925,100,11.99
33.5,-3.8275,-1.6467,-1.7736,0.74057,0.63686,-0.0555,99.85,12.6
93.5,-21.805,3.8762,-2.6805,2.0562,0.64583,0.12475,98.325,13.195
171.75,-28.65,10.124,-1.4801,4.2806,0.62273,0.3235,97.25,13.29
109.75,-0.725,14.635,5.9001,3.6549,0.6267,0.446,98.3,13.935
144,-5.25,16.528,7.1663,4.5825,0.61186,0.49325,98.25,14.23
119,-3.55,11.905,3.1653,3.6819,0.60823,0.31425,98.425,16.087
54.5,2.05,22.826,16.856,2.7147,0.61416,0.7175,99.275,13.51
25.5,-16.605,28.902,24.29,1.7515,0.63701,0.88475,99.825,13.872
16,-48.058,25.86,22.18,0.45087,0.65957,0.88175,99.95,12.454
8.5,-45.33,36.102,29.962,0.82467,0.67308,0.99375,99.7,15.428
2,-54.288,34.912,29.487,0.34165,0.75,1.0415,99.8,14.235
0.5,-14.861,12.069,9.5774,0.20553,0.75,0.51375,99.725,9.9763
0,-1.2822,-28.734,-23.832,-1.519,NaN,-1.121,99.725,10.885
0,-2.7582,-37.801,-30.954,-2.0174,NaN,-1.7515,99.475,9.165
0,-5.1063,-53.39,-43.565,-2.8791,NaN,-2.405,98.925,9.4272
0,-5.093,-66.64,-53.435,-3.531,NaN,-2.922,98.7,9.685
0,-2.6665,-61.417,-48.959,-3.1889,NaN,-3.0768,98.65,8.477
0,-3.6143,-73.614,-58.608,-3.8319,NaN,-3.3152,98.35,9.4295
0,-5.5983,-95.839,-75.253,-4.9844,NaN,-3.739,98.125,10.885
0,-5.1073,-90.756,-71.097,-4.7099,NaN,-3.891,97.95,9.905
0,-6.3893,-82.271,-63.623,-4.2959,NaN,-4.1343,98,8.4508
0,-9.4475,-90.375,-69.627,-4.7801,NaN,-4.3403,97.775,8.8425
0,-6.5098,-96.857,-74.857,-5.0276,1,-4.259,97.8,9.6575
10,-4.2105,-86.973,-67.061,-4.1819,0.83471,-4.184,98.025,8.8275
44.75,9.695,-77.13,-61.759,-2.3821,0.82705,-3.5353,97.825,9.265
70.75,46.29,-72.105,-58.712,-0.38864,0.81742,-3.1723,97.925,9.6525
79.5,101.55,-43.597,-37.636,2.8158,0.82135,-2.2517,98,8.222
99.5,7.2175,-31.889,-29.975,1.2653,0.82319,-1.48,97.925,9.15
99.5,-51.773,-25.921,-25.871,-0.11467,0.85368,-1.0617,98.075,10.367
88.75,-52.59,-12.095,-14.056,0.28234,0.86181,-0.51975,98.375,9.8825
77.25,-78.025,-19.097,-20.054,-1.1263,0.84331,-0.6915,98.5,11.728
55.75,-23.63,-30.515,-28.419,-0.75641,0.84525,-1.1208,98.65,11.562
36,-20.803,-27.997,-25.186,-1.0715,0.85031,-1.0873,99.025,10.935
21,-13.018,-22.848,-20.162,-0.9881,0.83908,-0.7935,99.475,12.227
8,11.009,-10.721,-9.4227,-0.032022,0.80838,-0.66575,99.6,6.8388
0.75,-2.8655,-4.8176,-4.1462,-0.31254,0.8125,-1.0208,99.475,2.0042
0,43.968,-11.462,-9.5807,0.6467,NaN,-0.8305,99.8,5.861
0,20.87,-2.0769,-1.7127,0.48184,NaN,-0.32375,99.975,2.7242
0,27.415,-0.83682,-0.75774,0.72839,NaN,-0.1795,99.85,1.9797
0,-13.021,-0.3609,-0.29002,-0.38567,NaN,-0.12925,100,1.1858
0,-85.987,-0.8263,-0.66001,-2.4676,NaN,-0.109,100,3.2193
0,-45.026,-0.29382,-0.16646,-1.2832,NaN,-0.014,100,8.9125
0,6.161,19.892,16.74,1.2072,NaN,1.0397,99.775,8.1242
0,4.1315,35.173,31.056,1.9848,NaN,1.6707,99.975,8.94
0,1.4162,33.789,29.919,1.8371,NaN,1.7583,99.975,8.161
0,-4.3982,38.374,34.016,1.918,NaN,1.9143,99.925,8.513
0.25,1.7923,34.244,30.436,1.8822,0,1.9917,99.925,7.3012
0,89.235,37.131,25.945,4.2967,NaN,2.2873,96.575,6.894
0,10.683,52.629,2.7321,1.8631,NaN,3.3075,80.065,6.7572
191.75,-117.91,68.645,-12.719,3.6608,0.64276,4.5278,67.132,6.4382
267,-101.73,58.201,12.969,6.67,0.62657,3.3117,83.918,7.463
325.5,-81,63.99,22.21,9.3289,0.61445,4.4047,82.722,6.1692
354.5,-51.325,57.54,3.6886,10.28,0.61214,5.5925,69.323,5.1105
352.5,-6.65,61.625,-24.518,10.803,0.61758,8.9002,37.133,4.2678
319,-14.45,68.441,-23.776,9.8512,0.62982,8.4475,41.197,4.6255
263.5,-15.8,63.856,-0.21666,8.7828,0.64368,8.2515,55.883,4.4788
184.75,-26.025,18.537,10.634,5.3005,0.67715,6.8515,82.665,2.6507
101.75,-79.035,23.968,10.182,1.6042,0.70074,6.0907,79.54,2.945
35.25,-81.767,56.528,16.854,0.75785,0.72885,5.395,77.675,5.1597
1.5,-88.25,54.076,24.345,-0.23496,0.8,5.5005,82.205,4.9292
0,-82.728,45.515,30.505,-0.18924,NaN,4.7905,90.9,4.7235
0,-92.35,39.02,25.724,-0.77875,NaN,4.7577,90.65,4.2382
0,-79.955,87.761,32.401,1.1342,NaN,4.733,82.2,7.8742
0,-79.727,80.388,39.208,1.1247,NaN,4.1865,87.3,8.1543
0,-75.84,73.483,54.423,1.4688,NaN,3.6648,95.05,8.515
0,-57.86,83.96,54.962,2.2867,NaN,3.6513,92.975,9.765
0,-25.121,61.864,52.608,2.5206,NaN,3.1463,98.325,8.35
0,10.207,72.648,64.915,4.1686,NaN,3.165,99.25,9.7475
0,9.2175,67.254,59.721,3.842,NaN,2.8313,99.4,10.087
0,9.645,72.139,64.609,4.1297,NaN,2.9038,99.5,10.55
0,2.1245,54.03,47.232,2.9165,NaN,2.4402,99.425,9.4025
7.75,4.6343,49.82,43.19,2.9731,0.72321,2.1495,99.5,9.8425
70.25,6.635,67.942,57.013,5.6938,0.70483,2.7782,98.475,10.385
120.75,5.3,75.24,59.563,7.3586,0.70531,3.1425,97.05,10.168
183.5,-7.7,74.167,53.568,8.5626,0.68525,3.1223,95.575,10.088
221.5,-26.275,75.725,54.808,9.1895,0.67957,3.3255,95.25,9.67
223.75,-1.725,91.356,67.498,10.744,0.66986,3.5252,95.25,11.005
234.75,12,86.676,63.535,11.198,0.65093,3.894,94.45,9.4525
210.5,19.375,105.82,82.546,11.798,0.63183,4.158,95.225,10.807
152.75,17.35,105.23,79.706,10.015,0.63148,4.0687,94.775,10.983
101.5,-4.83,76.599,57.049,6.4972,0.61443,3.5052,95.425,9.28
41,11.27,57.513,46.378,4.4053,0.64957,2.9033,97.675,8.4125
14,-1.9375,48.837,40.122,2.8498,0.65644,2.6902,98.225,7.709
1.25,-4.8908,35.219,27.674,1.6715,0.6875,2.4835,97.8,6.0222
0,-56.955,36.925,27.728,0.21717,NaN,2.5157,97.125,6.233
0,-82.22,10.554,7.0709,-1.8222,NaN,2.3995,95.875,2.5038
0,-103.4,19.102,-9.8868,-2.6569,NaN,3.055,69.287,3.283
0,-104.95,53.965,-68.334,-3.366,NaN,5.1245,30.332,5.1498
0,-94.05,46.646,-60.983,-3.0576,NaN,5.8203,22.468,4.3022
0,-95.625,23.936,-27.551,-2.7995,NaN,5.735,28.425,2.9743
0,-105.6,36.524,-58.212,-3.5908,NaN,4.1745,31.355,4.3658
0,-108.62,49.592,-87.659,-4.1381,NaN,3.7147,32.965,5.6692
0,-98.375,54.844,-96.256,-3.9433,NaN,3.7782,32.388,6.1643
0,-86.425,42.856,-44.857,-2.4945,NaN,3.3765,54.422,5.39
0,-93.725,42.197,-40.519,-2.5966,NaN,3.2622,57.623,5.493
27.25,-91.24,26.599,-20.166,-1.6237,0.60507,2.001,75.16,5.645
132.5,-71.489,25.666,-0.14759,2.4409,0.53631,2.2155,85.15,4.9195
249.25,-0.525,21.636,3.8441,7.7352,0.50668,2.445,87.025,4.1653
350.25,68.25,23.813,4.2678,12.598,0.49129,2.667,85.975,4.2285
428.25,131.6,34.276,1.013,16.789,0.47806,3.1007,80.688,4.6943
476.75,174.62,47.619,-1.4944,19.676,0.46553,4.3937,72.212,5.1843
485.25,186.42,49.71,-5.3682,20.199,0.45858,5.203,65.705,4.792
449,173.28,69.823,-12.122,19.182,0.46195,6.0508,59.193,5.6302
379,129.4,76.841,-4.6474,16.378,0.46751,6.1742,62.485,5.9875
277.5,59.625,94.737,-26.151,11.445,0.48444,6.9983,50.788,6.4828
157,-20.778,108.81,-62.126,5.1598,0.52134,7.914,34.838,6.6443
52.75,-77.177,149.65,-101.14,0.67923,0.57631,8.085,29.783,7.8603
2,-106.03,117.32,-92.009,-2.2204,0.69231,7.9067,26.48,7.0613
0,-110.28,115.89,-84.654,-2.2296,NaN,8.3915,25.965,6.7082
0,-108.78,166.88,-105.17,-1.3279,NaN,8.67,28.625,8.1738
0,-105.7,137.59,-92.773,-1.7176,NaN,8.4425,27.973,7.6685
0,-102.7,121.39,-92.918,-2.094,NaN,8.024,26.56,7.1828
0,-98.625,106.88,-89.842,-2.3016,NaN,7.553,26.37,6.7668
0,-97.85,136.08,-120.13,-2.3105,NaN,7.5078,25.025,7.697
0,-95.925,114.95,-106.4,-2.4649,NaN,6.664,29.005,7.3252
0,-97.8,82.615,-77.583,-2.617,NaN,6.361,30.695,6.2133
0,-96.725,95.639,-89.048,-2.5427,NaN,5.963,33.948,6.811
0,-94.275,82.174,-91.202,-2.9141,NaN,4.858,37.64,7.1833
0,-95.5,76.904,-84.521,-2.9089,NaN,4.7812,38.688,6.8305
35.75,-94.067,74.276,-80.936,-1.833,0.51361,5.0213,36.73,6.2817
159.75,-78.815,89.334,-97.909,2.0412,0.4603,5.1375,35.475,7.3842
296,-22.55,110.06,-106.62,7.8109,0.4305,5.6277,35.328,8.3048
405.5,33.575,102.89,-93.779,12.643,0.42175,5.5527,37.8,7.869
484.25,69.925,104.68,-81.559,16.285,0.41692,5.5627,42.025,7.9915
526.25,93.675,82.784,-53.429,18.316,0.41674,5.366,47.765,6.5515
522,114.38,79.15,-56.836,18.581,0.42479,5.2445,46.36,6.409
473.25,117.72,64.23,-51.077,17.042,0.43994,5.5228,41.803,5.6105
387,80.375,62.951,-43.096,13.745,0.46006,5.4522,45.892,5.571
252.5,20.45,95.09,-75.574,8.2504,0.49297,5.656,40.817,7.1395
121.25,-24.9,95.202,-81.428,3.1065,0.51548,5.2488,42.023,7.7025
46,-60.852,89.365,-90.592,-0.4536,0.57309,5.226,37.25,7.2618
3.5,-90.035,75.413,-112.43,-3.4855,0.6,4.5995,29.16,6.9627
0,-86.6,70.901,-116.72,-3.7355,NaN,4.6835,23.688,6.4287
0,-84.05,57.495,-87.512,-3.2178,NaN,4.3368,31.335,5.63
0,-85.625,55.405,-56.34,-2.4418,NaN,4.2082,46.54,5.591
0,-84.95,53.016,-59.057,-2.5668,NaN,3.9005,47.125,5.772
