SWIN,SWOUT,SWNET,LWNET,EH,EE,melt [cm ice eq. day]
0,0,0,-4.8077,24.376,3.6559,0.65514
0,0,0,-2.4462,31.694,5.4119,0.97775
0,0,0,5.1597,0,0,0.14555
0,0,0,8.9055,0,0,0.25122
0,0,0,8.949,0,0,0.25245
0,0,0,44.517,0,0,1.2558
0.5,-0.285,0.215,39.414,0,0,1.1179
76.5,-43.605,32.895,25.397,6.3928,0.99219,1.8527
280,-159.6,120.4,7.9471,2.3197,0.15391,3.6904
513.5,-292.7,220.81,-6.7173,7.9541,0.29737,6.2721
724.25,-412.82,311.43,-15.152,23.53,-0.48172,9.008
894.25,-509.72,384.53,-25.403,35.654,-0.049258,11.135
1014,-577.98,436.02,-29.981,29.208,-1.3956,12.239
1072.8,-611.5,461.3,-37.802,46.434,1.589,13.302
1061,-604.77,456.23,-36.525,68.084,7.8591,13.982
995.25,-567.29,427.96,-25.074,74.673,2.0582,13.53
877.5,-500.18,377.33,-31.201,91.304,7.9418,12.564
700,-399,301,-29.108,54.102,7.9232,9.4197
494,-281.58,212.42,-23.989,53.99,1.9176,6.8927
271.25,-154.61,116.64,-20.711,45.458,9.8292,4.2657
86.25,-49.163,37.088,11.885,64.562,18.887,3.7356
3.25,-1.8525,1.3975,6.255,78.592,16.2,2.8899
0,0,0,7.0392,75.566,-2.6209,2.2563
0,0,0,8.1504,64.675,-20.425,1.4782
0,0,0,6.5252,5.3102,-1.4446,0.29312
0,0,0,11.924,0.64327,-0.20545,0.34871
0,0,0,15.223,1.6723e-21,-6.6919e-22,0.42945
0,0,0,13.807,4.7199e-18,-1.7551e-18,0.38949
0,0,0,3.5196,17.527,-5.4031,0.44129
0,0,0,-6.9409,14.163,-2.1758,0.14237
0.25,-0.1425,0.1075,22.868,39.304,-5.9918,1.5879
64,-36.48,27.52,15.27,44.859,-11.957,2.1352
269,-153.33,115.67,4.6075,44.859,-17.233,4.1723
502.5,-286.43,216.08,0.90669,63.598,-21.359,7.3125
709,-404.13,304.87,-13.02,50.705,-17.507,9.1695
877.5,-500.18,377.33,-8.1625,47.608,-3.6953,11.653
998.75,-569.29,429.46,-30.701,29.505,4.3549,12.204
1064,-606.48,457.52,-35.205,43.531,8.6892,13.386
1058.7,-603.46,455.24,-24.865,20.363,7.5265,12.928
993.5,-566.29,427.21,-22.598,38.917,14.557,12.922
880.75,-502.03,378.72,-33.154,90.386,55.002,13.85
708.75,-403.99,304.76,-38.823,78.269,48.709,11.084
500.25,-285.14,215.11,-40.19,82.111,54.295,8.7823
275,-156.75,118.25,-39.873,94.263,0.86137,4.8944
88.25,-50.303,37.948,-2.4621,91.871,-37.302,2.5404
2.75,-1.5675,1.1825,-8.8441,87.365,-50.144,0.83385
0,0,0,-9.8051,81.792,-51.987,0.56419
0,0,0,-10.181,77.878,-60.724,0.19669
0,0,0,-6.7187,42.116,-30.639,0.13424
0,0,0,-8.1933,59.034,-43.104,0.21826
0,0,0,-6.7448,38.206,-30.047,0.039892
0,0,0,-2.4621,33.863,-21.739,0.27254
0,0,0,-5.3696,39.725,-27.613,0.19022
0,0,0,-6.967,30.99,-23.011,0.028559
0.25,-0.1425,0.1075,23.039,34.214,-29.564,0.78413
75.5,-43.035,32.465,17.206,0,0,1.4012
278.5,-158.75,119.76,12.488,0,0,3.7305
513.5,-292.7,220.81,-0.82741,0,0,6.2055
725.25,-413.39,311.86,-22.486,3.2178,-1.3094,8.2169
897.25,-511.43,385.82,-42.207,28.879,-8.7052,10.262
1018.7,-580.66,438.04,-48.836,19.264,-6.5805,11.337
1079.5,-615.31,464.19,-44.733,19.031,-6.6585,12.182
1073.8,-612.07,461.73,-25.341,5.6259,-0.83401,12.446
1004,-572.28,431.72,-28.276,34.699,6.052,12.531
877.75,-500.32,377.43,-26.611,54.824,13.614,11.827
705.75,-402.28,303.47,-29.554,43.288,8.3146,9.1828
498.25,-284,214.25,-39.206,58.872,19.221,7.1408
273,-155.61,117.39,-35.677,46.671,-0.29988,3.6132
85.5,-48.735,36.765,6.6604,47.476,-17.296,2.0764
2.5,-1.425,1.075,7.5808,20.761,-9.4434,0.56345
0,0,0,7.4562,2.7384,-1.43,0.24725
0,0,0,1.4588,7.2248,-2.3605,0.17837
0,0,0,-10.924,17.414,-4.6561,0.051722
0,0,0,-3.9765,46.09,-18.608,0.66308
0,0,0,-4.7394,87.926,-11.715,2.0162
0,0,0,-8.9611,84.803,-3.4322,2.0427
0,0,0,-9.6884,47.593,-2.9293,0.98663
0,0,0,-9.87,56.998,0.42041,1.3413
0.25,-0.1425,0.1075,17.672,57.968,5.9045,2.3034
67,-38.19,28.81,10.469,72.077,2.9798,3.2254
264,-150.48,113.52,-10.098,70.869,10.942,5.2254
490.5,-279.59,210.92,-25.501,66.861,8.9157,7.3681
693,-395.01,297.99,-38.955,44.976,3.0718,8.6627
858.5,-489.34,369.16,-43.584,54.698,3.8321,10.835
784.5,-447.17,337.34,-34.32,65.723,21.493,11.008
892,-508.44,383.56,-37.015,127.14,30.495,14.223
963,-548.91,414.09,-35.252,140.93,11.971,15
955,-544.35,410.65,-32.802,69.541,14.798,13.038
821.75,-468.4,353.35,-43.801,24.28,7.4555,9.6276
622.25,-354.68,267.57,-43.708,79.409,20.962,9.1464
123.25,-70.252,52.998,-14.153,146.81,4.2647,5.3575
38.25,-21.803,16.448,-49.686,84.826,-26.126,0.71828
21.75,-12.398,9.3525,-21.26,21.371,-8.3314,0.031934
2,-1.14,0.86,-15.547,96.837,-42.904,1.1071
0,0,0,-19.129,127.4,-86.911,0.60268
0,0,0,-18.293,133.48,-72.835,1.1947
0,0,0,-17.764,132.97,-93.706,0.60649
0,0,0,-23.041,99.795,-61.978,0.41681
0,0,0,-30.041,84.397,-59.657,-0.14956
0,0,0,-31.292,79.979,-33.853,0.41846
0,0,0,-34.074,64.527,3.4075,0.95521
0,0,0,-34.852,65.479,-25.949,0.132
0.25,-0.1425,0.1075,-5.0061,61.381,-109.9,-1.5068
70.75,-40.328,30.423,-17.447,52.11,-98.499,-0.94258
278.25,-158.6,119.65,-31.982,61.018,-107.33,1.1667
512.5,-292.13,220.38,-44.196,63.901,-101.29,3.9152
722.75,-411.97,310.78,-53.676,53.21,-76.809,6.5872
890.75,-507.73,383.02,-60.904,48.546,-44.998,9.187
957.25,-545.63,411.62,-64.26,49.636,-0.37417,11.188
1043,-594.51,448.49,-68.599,46.706,23.782,12.705
682.25,-388.88,293.37,-55.082,48.547,29.35,8.9194
496,-282.72,213.28,-47.729,61.019,48.777,7.7675
337,-192.09,144.91,-46.329,52.064,44.142,5.4949
204.25,-116.42,87.828,-39.332,72.529,65.005,5.2479
155.25,-88.492,66.758,-54.913,78.772,72.38,4.5981
81.25,-46.312,34.938,-41.547,66.427,59.456,3.3647
19.75,-11.257,8.4925,-43.706,53.669,48.141,1.8787
1.25,-0.7125,0.5375,-44.781,50.579,45.907,1.4738
0,0,0,-45.804,36.966,33.22,0.6878
0,0,0,-47.839,25.69,22.721,0.016128
0,0,0,-47.087,21.19,18.954,-0.19585
0,0,0,-47.613,18.102,15.954,-0.38242
0,0,0,-49.588,10.535,9.3742,-0.83725
0,0,0,-49.759,15.095,10.467,-0.6826
0,0,0,-50.72,11.866,9.8448,-0.81833
0,0,0,-49.557,18.149,6.4526,-0.70398
0.25,-0.1425,0.1075,-16.985,18.139,1.1096,0.066899
19,-10.83,8.17,-11.443,34.898,-22.573,0.25537
144.5,-82.365,62.135,-20.746,43.668,-30.473,1.5398
355,-202.35,152.65,-33.084,57.48,-30.494,4.1342
671,-382.47,288.53,-46.891,64.904,6.3981,8.828
850.75,-484.93,365.82,-57.318,55.022,16.87,10.731
976.75,-556.75,420,-62.909,64.823,18.59,12.427
1043.8,-594.97,448.83,-60.66,85.111,21.034,13.945
1045,-595.65,449.35,-59.549,72.215,19.253,13.576
978,-557.46,420.54,-59.717,57.746,21.687,12.419
856,-487.92,368.08,-60.155,52.684,21.884,10.79
716,-408.12,307.88,-56.06,59.954,23.158,9.4483
487,-277.59,209.41,-53.694,82.953,35.67,7.739
246.5,-140.51,106,-22.893,74.746,35.13,5.4438
80,-45.6,34.4,-25.464,53.371,26.215,2.4972
1.5,-0.855,0.645,-24.997,42.779,24.039,1.1979
0,0,0,-23.505,27.716,15.226,0.54829
0,0,0,-22.025,43.578,22.476,1.242
0,0,0,-22.6,31.245,17.85,0.7474
0,0,0,-20.112,41.676,18.915,1.1419
0,0,0,-17.824,24.394,9.0053,0.43936
0,0,0,-16.68,16.267,5.8935,0.1546
0,0,0,-15.095,0,0,-0.42582
0,0,0,-10.583,11.339,2.8727,0.10237
0.25,-0.1425,0.1075,18.381,51.579,9.2133,2.2365
46,-26.22,19.78,18.853,58.357,7.8993,2.9589
241.75,-137.8,103.95,-4.8453,35.928,4.1072,3.9252
418.25,-238.4,179.85,-20.222,44.489,5.0951,5.9017
688.5,-392.44,296.06,-31.867,65.68,-7.0864,9.1056
874.5,-498.46,376.04,-40.736,63.349,-10.728,10.943
976,-556.32,419.68,-42.467,56.091,-7.5837,12.009
965,-550.05,414.95,-45.635,59.571,5.72,12.26
1033.5,-589.1,444.41,-46.745,51.426,18.571,13.192
990,-564.3,425.7,-40.092,77.292,29.289,13.885
845.5,-481.93,363.57,-38.346,128.16,64.971,14.623
669.5,-381.61,287.89,-39.943,111.25,44.376,11.384
459.75,-262.06,197.69,-47.467,90.041,42.771,7.9844
218.25,-124.4,93.848,-18.599,85.712,57.136,6.1524
27.5,-15.675,11.825,-25.408,83.68,84.211,4.353
1.25,-0.7125,0.5375,-23.57,79.617,80.503,3.8672
0,0,0,-26.251,77.695,79.445,3.6923
0,0,0,-29.937,66.473,66.551,2.9081
0,0,0,-28.333,62.581,47.984,2.3197
0,0,0,-28.009,76.806,61.972,3.1248
0,0,0,-34.551,53.782,44.041,1.7849
0,0,0,-33.044,58.293,37.224,1.7623
0,0,0,-35.411,52.512,29.157,1.3049
0,0,0,-37.336,48.376,22.201,0.93773
0,0,0,-9.7523,33.892,20.154,1.2495
45,-25.65,19.35,-21.556,24.269,20.451,1.1993
197.5,-112.57,84.925,-32.578,25.205,20.606,2.769
414.5,-236.27,178.24,-43.634,31.806,22.435,5.3272
563.5,-321.19,242.31,-48.647,39.319,24.957,7.2762
754,-429.78,324.22,-55.861,43.704,26.397,9.5478
769.25,-438.47,330.78,-55.979,37.693,22.722,9.4562
711.5,-405.55,305.95,-54.677,27.383,15.592,8.3005
710,-404.7,305.3,-62.277,26.546,12.123,7.9464
761.5,-434.06,327.45,-74.191,16.952,4.8226,7.7585
760.5,-433.49,327.02,-72.764,19.805,-4.9513,7.5914
707.75,-403.42,304.33,-67.114,11.685,-10.988,6.7115
484.25,-276.02,208.23,-70.801,0.091938,-0.023904,3.8787
239.5,-136.51,102.99,-37.305,0.42375,-0.63431,1.8469
67,-38.19,28.81,-40.096,0,0,-0.31838
2.25,-1.2825,0.9675,-43.7,10.104,-27.479,-1.6956
0,0,0,-43.148,15.917,-49.639,-2.1685
0,0,0,-45.091,14.557,-58.498,-2.5116
0,0,0,-41.6,17.536,-57.162,-2.2913
0,0,0,-40.746,8.4039,-26.617,-1.6632
0,0,0,-41.67,7.5398,-25.291,-1.6762
0,0,0,-47.713,0,0,-1.346
0,0,0,-50.194,8.1753,-49.991,-2.5956
0,0,0,-53.055,4.6821,-35.713,-2.372
0.25,-0.1425,0.1075,-21.577,6.441,-28.982,-1.2415
69.25,-39.472,29.778,-31.858,7.9527,-33.213,-0.77128
276.5,-157.6,118.9,-46.123,14.82,-33.337,1.5305
506.25,-288.56,217.69,-51.402,22.856,-35.758,4.3269
712.5,-406.12,306.38,-53.177,31.728,-39.249,6.9304
876.75,-499.75,377,-57.613,33.392,-35.944,8.9379
989.5,-564.01,425.49,-59.75,15.048,-12.094,10.401
1042,-593.94,448.06,-60.806,14.449,-5.5261,11.176
1044.8,-595.54,449.26,-60.77,21.595,-4.3203,11.447
967,-551.19,415.81,-55.903,11.952,-1.9488,10.435
844.75,-481.51,363.24,-55.215,25.074,-2.4548,9.3274
673.75,-384.04,289.71,-55.33,17.297,1.0542,7.1295
471.75,-268.9,202.85,-57.486,26.725,-3.9586,4.743
262.25,-149.48,112.77,-26.31,36.246,-13.502,3.0805
75.25,-42.893,32.358,-25.846,49.93,3.3623,1.687
1.25,-0.7125,0.5375,-22.767,62.331,14.783,1.5483
0,0,0,-20.956,66.582,9.4842,1.5546
0,0,0,-21.018,63.796,-11.06,0.89478
0,0,0,-17.6,63.3,-14.862,0.86992
0,0,0,-19.132,69.354,-15.61,0.97639
0,0,0,-18.624,69.714,-32.563,0.52265
0,0,0,-17.889,75.375,-44.447,0.36783
0,0,0,-3.1171,87.812,-68.149,0.46676
0,0,0,-6.2712,0,0,-0.17691
0,0,0,23.421,0,0,0.66069
61.5,-35.055,26.445,13.632,28.488,-15.424,1.4991
260,-148.2,111.8,3.7094,0,0,3.2585
484.25,-276.02,208.23,4.901,0,0,6.0123
688.25,-392.3,295.95,-8.2058,0,0,8.1171
851.75,-485.5,366.25,-18.89,0,0,9.799
966.5,-550.9,415.6,-22.048,8.0634e-20,-4.4624e-20,11.102
1019.3,-581,438.3,-47.923,36.416,0.46345,12.053
1012.5,-577.13,435.38,-46.051,28.022,2.3775,11.84
946.25,-539.36,406.89,-42.855,35.298,5.9855,11.434
823.25,-469.25,354,-38.121,31.213,7.3897,9.9998
655.5,-373.64,281.87,-41.881,49.194,17.191,8.6426
455.75,-259.78,195.97,-32.226,26.167,2.5389,5.429
241.75,-137.8,103.95,15.571,36.353,4.4025,4.5214
68.75,-39.188,29.563,18.343,0,0,1.3514
1.25,-0.7125,0.5375,18.149,0,0,0.52714
0,0,0,19.457,1.1008e-19,-4.3408e-20,0.54889
0,0,0,7.1041,16.645,-4.284,0.54911
0,0,0,-3.8606,41.542,-6.2269,0.88731
0,0,0,-12.52,54.803,-7.258,0.98805
0,0,0,-2.2505,48.826,-2.7338,1.2368
0,0,0,-2.0071,25.132,-1.1706,0.61934
0,0,0,2.4478,44.819,-11.859,0.99884
0,0,0,20.295,0.0016192,-0.00058365,0.57254
0,0,0,39.185,13.74,-1.4297,1.4527
56.75,-32.347,24.403,35.547,42.311,-0.71849,2.8645
250.5,-142.78,107.72,12.387,72.273,-3.8855,5.3172
472,-269.04,202.96,-1.9524,91.405,-0.023747,8.2482
673.75,-384.04,289.71,-13.547,99.949,2.3258,10.676
837.75,-477.52,360.23,-21.446,83.953,8.4729,12.164
952.75,-543.07,409.68,-29.311,71.204,8.8768,12.989
1011,-576.27,434.73,-31.502,66.102,11.123,13.553
1006,-573.42,432.58,-27.64,49.192,8.7212,13.057
942.5,-537.22,405.28,-23.346,43.037,9.7583,12.263
821.75,-468.4,353.35,-22.207,48.626,9.9899,10.995
653,-372.21,280.79,-20.003,4.6851,0.78407,7.511
447,-254.79,192.21,-17.939,0,0,4.9161
230.5,-131.38,99.115,23.898,0,0,3.4701
61.75,-35.198,26.553,24.084,0,0,1.4284
1.25,-0.7125,0.5375,20.809,5.5354e-30,3.2227e-31,0.60219
0,0,0,15.113,46.786,2.3658,1.8129
0,0,0,13.955,63.062,7.5108,2.3845
0,0,0,5.6449,90.435,23.497,3.3732
0,0,0,0.062458,106.63,31.859,3.9084
0,0,0,-3.249,103.35,32.345,3.7363
0,0,0,-4.7499,83.874,26.711,2.9856
0,0,0,4.5298,120.75,39.065,4.6362
0,0,0,5.1328,126.28,45.09,4.9792
0,0,0,33.184,80.086,28.276,3.993
47.5,-27.075,20.425,26.997,96.298,33.051,4.9867
245.5,-139.94,105.57,13.687,42.596,12.554,4.9198
468.75,-267.19,201.56,3.0835,54.035,14.862,7.7166
673.25,-383.75,289.5,-6.7933,32.795,7.0417,9.0988
843,-480.51,362.49,-9.8559,11.526,2.2149,10.335
851.5,-485.35,366.15,-11.547,5.0138,1.4029,10.184
699,-398.43,300.57,0.7012,0.2176,0.071361,8.5069
1022.5,-582.82,439.68,-24.136,8.6965,2.9642,12.051
944.75,-538.51,406.24,-19.899,0.68275,0.27619,10.926
823.25,-469.25,354,-38.107,66.46,30.192,11.638
657.5,-374.78,282.73,-41.547,57.702,24.608,9.1255
421,-239.97,181.03,-46.829,69.281,41.149,6.901
227.75,-129.82,97.933,-11.836,67.289,39.07,5.4291
27.75,-15.818,11.933,-11.927,36.015,21.497,1.6225
0.5,-0.285,0.215,-13.304,60.292,33.274,2.2702
0,0,0,-11.669,34.82,12.216,0.9977
0,0,0,-12.288,43.409,12.736,1.2372
0,0,0,-12.571,14.011,4.677,0.17256
0,0,0,-9.5197,0,0,-0.26855
0,0,0,-5.8679,0,0,-0.16553
0,0,0,-7.6459,0,0,-0.21569
0,0,0,-9.6624,25.297,-3.8506,0.33243
0,0,0,-9.195,44.475,-1.1743,0.96211
0,0,0,21.505,46.354,13.693,2.3005
19.75,-11.257,8.4925,14.132,36.598,14.897,2.0909
141.5,-80.655,60.845,3.2129,34.527,6.7914,2.9726
356,-202.92,153.08,-10.233,42.439,6.3382,5.4057
741,-422.37,318.63,-32.038,24.319,-1.4076,8.731
843.75,-480.94,362.81,-32.958,36.939,-1.6016,10.302
943.75,-537.94,405.81,-34.721,19.286,1.1239,11.044
998.75,-569.29,429.46,-38.238,26.301,4.5589,11.907
992.75,-565.87,426.88,-40.664,39.718,6.8916,12.21
932.75,-531.67,401.08,-42.288,27.284,7.8029,11.111
813,-463.41,349.59,-38.051,27.094,7.5772,9.7665
643.25,-366.65,276.6,-39.57,27.944,10.925,7.7829
440,-250.8,189.2,-39.756,15.458,5.6767,4.8119
226.75,-129.25,97.503,5.769,9.7124,3.1182,3.2752
59.25,-33.773,25.478,7.0933,0.15582,0.05687,0.92481
0.75,-0.4275,0.3225,12.472,0,0,0.36092
0,0,0,10.027,29.004,6.2635,1.2778
0,0,0,11.349,24.369,3.785,1.1144
0,0,0,10.245,37.19,3.205,1.4285
0,0,0,10.174,57.421,-2.6926,1.8309
0,0,0,5.5532,81.93,-11.466,2.1444
0,0,0,5.052,80.847,-9.2938,2.161
0,0,0,4.2555,95.175,-6.6556,2.6172
0,0,0,0.75471,62.46,1.3403,1.8211
0,0,0,30.016,34.625,5.1721,1.9694
48,-27.36,20.64,20.89,45.773,8.0748,2.6906
241,-137.37,103.63,7.0121,38.041,7.4276,4.4038
465.75,-265.48,200.27,-6.7321,52.369,14.955,7.3589
670.5,-382.18,288.32,-19.968,69.41,21.44,10.133
836.5,-476.8,359.7,-29.837,71.193,21.261,11.913
953.75,-543.64,410.11,-35.177,63.82,16.186,12.834
1012,-576.84,435.16,-29.093,79.349,18.716,14.221
1006,-573.42,432.58,-24.574,81.523,20.327,14.383
939.5,-535.51,403.99,-24.233,40.932,8.8798,12.118
818.5,-466.54,351.96,-23.356,0,0,9.2697
647.75,-369.22,278.53,-25.026,4.3601,0.76099,7.2958
440.25,-250.94,189.31,-19.682,18.575,4.3821,5.4327
225.25,-128.39,96.858,19.29,8.4124e-31,1.7754e-31,3.2765
57.25,-32.632,24.618,22.323,0,0,1.3242
0.75,-0.4275,0.3225,15.654,0.00025217,6.9842e-05,0.45071
0,0,0,8.2318,8.331,2.6001,0.54058
0,0,0,0.97862,33.141,10.451,1.2573
0,0,0,10.475,37.596,12.113,1.6978
0,0,0,4.0405,47.676,14.771,1.8756
0,0,0,0.43506,60.95,13.313,2.1072
0,0,0,4.433,100.17,23.948,3.6263
0,0,0,15.13,111.85,23.304,4.2396
0,0,0,12.198,119.51,31.63,4.6076
0,0,0,45.714,109.83,30.556,5.2499
40.75,-23.227,17.523,36.373,103.86,26.332,5.193
229.75,-130.96,98.793,16.609,91.502,20.523,6.4156
452.25,-257.78,194.47,15.68,88.554,23.775,9.097
657.5,-374.78,282.73,-2.8574,77.36,11.683,10.407
822,-468.54,353.46,-9.5914,72.649,10.957,12.059
938.75,-535.09,403.66,-12.98,57.187,6.6144,12.821
998,-568.86,429.14,-18.102,59.732,21.501,13.887
993.25,-566.15,427.1,-18.275,38.758,23.242,13.282
932.5,-531.52,400.98,-21.413,46.279,27.789,12.797
818.25,-466.4,351.85,-27.461,68.843,40.666,12.24
654,-372.78,281.22,-39.066,88.289,64.135,11.131
450,-256.5,193.5,-40.325,89.783,34.791,7.8352
235.25,-134.09,101.16,5.904,86.639,19.467,6.0134
60.25,-34.343,25.908,-5.6057,82.467,33.862,3.8543
0.5,-0.285,0.215,-6.3236,72.663,18.558,2.401
0,0,0,-5.7735,57.746,23.246,2.1219
0,0,0,-7.9546,62.951,28.793,2.3637
0,0,0,-3.6076,56.092,2.9176,1.5629
0,0,0,-8.2194,56.147,20.725,1.9366
0,0,0,-12.841,55.226,29.428,2.0258
0,0,0,-10.026,49.867,23.889,1.7978
0,0,0,-9.9867,52.04,21.624,1.7963
0,0,0,-10.841,62.627,6.0621,1.6319
0,0,0,24.352,60.302,-2.2725,2.324
42,-23.94,18.06,13.879,48.832,4.5377,2.4065
223,-127.11,95.89,-2.4962,67.134,3.4182,4.6249
444.25,-253.22,191.03,-21.51,78.715,37.15,8.0506
652.5,-371.93,280.58,-32.089,76.172,35.109,10.149
776.5,-442.61,333.9,-37.533,72.502,28.387,11.206
921.25,-525.11,396.14,-45.763,71.026,47.987,13.241
762.75,-434.77,327.98,-38.319,64.527,50.616,11.419
677.75,-386.32,291.43,-36.454,75.947,67.792,11.248
718.75,-409.69,309.06,-50.637,90.576,85.569,12.259
371,-211.47,159.53,-29.368,62.859,60.86,7.1619
200.5,-114.29,86.215,-21.081,63.733,67.537,5.5405
158.5,-90.345,68.155,-50.974,98.923,104.99,6.2369
77,-43.89,33.11,-20.786,96.65,103.44,5.9922
14,-7.98,6.02,-24.351,82.528,85.655,4.2273
0.25,-0.1425,0.1075,-24.909,76.197,79.72,3.6987
0,0,0,-28.784,56.159,56.978,2.3796
0,0,0,-31.476,48.807,48.637,1.8609
0,0,0,-31.848,46.954,46.813,1.7467
0,0,0,-33.084,42.56,41.995,1.452
0,0,0,-34.224,37.92,37.113,1.1512
0,0,0,-34.302,37.546,36.803,1.1297
0,0,0,-35.197,36.658,35.553,1.0442
0,0,0,-36.345,38.572,37.292,1.1148
0,0,0,-2.0888,47.644,46.737,2.6035
11,-6.27,4.73,-4.187,50,48.848,2.8038
192.75,-109.87,82.883,-25.574,48.564,46.717,4.3045
399.75,-227.86,171.89,-38.814,52.884,49.43,6.6403
519.75,-296.26,223.49,-42.193,45.412,39.522,7.5104
613.5,-349.69,263.81,-44.227,45.322,37.345,8.5262
724.5,-412.96,311.54,-49.377,51.627,41.991,10.036
730,-416.1,313.9,-50.442,52.016,40.046,10.029
870.75,-496.33,374.42,-64.011,44.756,32.065,10.924
731.5,-416.95,314.55,-63.896,45.615,33.442,9.3009
450.25,-256.64,193.61,-50.254,46.191,34.914,6.3319
446.75,-254.65,192.1,-61.262,48.188,32.958,5.9801
256.75,-146.35,110.4,-61.429,49.023,36.588,3.7966
114,-64.98,49.02,-28.249,48.806,31.212,2.8433
42.25,-24.083,18.168,-19.072,52.908,4.7904,1.6021
0.25,-0.1425,0.1075,-15.879,72.394,-5.6768,1.4372
0,0,0,-13.202,113.01,-7.9839,2.5903
0,0,0,-9.4547,135.35,-50.295,2.1325
0,0,0,-5.9727,169.74,-69.978,2.6459
0,0,0,-2.9851,131.83,-53.769,2.1179
0,0,0,-3.2807,158.3,-64.566,2.5516
0,0,0,-9.7143,137.55,-0.32463,3.5972
0,0,0,-7.8545,162.06,27.194,5.1173
0,0,0,-5.1439,167.99,24.182,5.2759
0,0,0,29.712,172.09,17.696,6.192
37.25,-21.233,16.018,19.99,165.95,32.662,6.6186
207.25,-118.13,89.118,-0.44042,200.94,117.71,11.491
231,-131.67,99.33,0.46699,175.85,126.18,11.335
358.25,-204.2,154.05,-6.7866,141.25,105.52,11.116
469.25,-267.47,201.78,-11.242,155.24,114.42,12.982
553,-315.21,237.79,-15.701,142.49,103.58,13.207
612.5,-349.12,263.38,-21.299,139.31,98.611,13.54
645.5,-367.94,277.57,-27.804,161.18,112.5,14.766
561.5,-320.05,241.45,-30.391,130.92,89.442,12.17
700.75,-399.43,301.32,-46.154,130.54,73.943,12.967
628.25,-358.1,270.15,-45.627,136.28,69.444,12.137
455.25,-259.49,195.76,-46.76,119.4,79.316,9.809
199.5,-113.71,85.785,-10.79,154.26,91.318,9.0432
37.75,-21.518,16.233,-11.242,157.98,82.726,6.931
0.25,-0.1425,0.1075,-10.764,142.79,30.592,4.5905
0,0,0,-13.29,136.41,50.522,4.8985
0,0,0,-11.449,129.06,17.3,3.8057
0,0,0,-11.359,139.04,-1.8998,3.5482
0,0,0,-11.591,150.52,-19.108,3.3801
0,0,0,-14.782,136.15,16.075,3.8773
0,0,0,-19.72,141.81,55.511,5.0101
0,0,0,-18.283,140.34,28.311,4.2418
0,0,0,-12.494,162.94,-50.35,2.8236
0,0,0,22.638,158.46,-58.103,3.4697
46,-26.22,19.78,13.834,141.92,-70.958,2.95
257,-146.49,110.51,-11.079,127.41,-98.14,3.6305
487.5,-277.88,209.63,-15.662,99.473,-79.543,6.0339
693.5,-395.29,298.21,-23.747,83.533,-61.514,8.3635
853.75,-486.64,367.11,-34.73,143.3,-89.908,10.883
963.75,-549.34,414.41,-42.924,142.46,-74.319,12.402
1015.7,-578.95,436.75,-42.693,156.5,-72.498,13.486
1004.7,-572.68,432.02,-38.682,154.4,-53.947,13.93
932,-531.24,400.76,-37.357,160.92,-50.054,13.379
804.5,-458.56,345.94,-38.706,120.93,-48.235,10.718
624,-355.68,268.32,-36.863,127.54,-48.816,8.7501
409.5,-233.42,176.09,-39.989,116.12,-49.099,5.73
194,-110.58,83.42,3.2514,97.571,-49.851,3.7912
40,-22.8,17.2,4.2716,90.787,-46.207,1.8633
0.25,-0.1425,0.1075,0.20614,101.3,-51.64,1.4098
0,0,0,-0.76136,124.84,-68.892,1.5568
0,0,0,-5.8941,124.02,-75.301,1.208
0,0,0,-5.9046,144.92,-85.211,1.5177
0,0,0,-10.596,105.43,-65.001,0.84163
0,0,0,-12.545,100.33,-41.075,1.3176
0,0,0,-14.293,85.936,-7.9159,1.7977
0,0,0,-9.9997,111.2,-68.239,0.92991
0,0,0,-7.9979,109.48,-68.05,0.94313
0,0,0,25.002,93.294,-49.412,1.9432
43,-24.51,18.49,15.298,84.541,-27.611,2.5591
252,-143.64,108.36,-8.8805,67.543,-7.3485,4.5043
482.75,-275.17,207.58,-21.184,43.454,-3.4624,6.3864
690.25,-393.44,296.81,-26.317,25.49,-5.5126,8.194
852.5,-485.92,366.58,-31.795,0,0,9.444
964.25,-549.62,414.63,-34.259,10.489,-4.2016,10.907
1013,-577.41,435.59,-33.486,13.984,-0.0025078,11.738
1001.5,-570.86,430.65,-40.027,31.426,1.8965,11.959
928.25,-529.1,399.15,-39.5,20.885,-0.62178,10.717
797.75,-454.72,343.03,-43.363,61.438,10.696,10.488
616.5,-351.4,265.1,-43.409,58.728,-3.1961,7.8202
399.5,-227.71,171.79,-43.189,52.125,4.5666,5.2269
183.75,-104.74,79.013,-14.37,54.97,23.924,4.0491
29.5,-16.815,12.685,-17.577,67.256,39.746,2.8805
0,0,0,-11.139,70.905,-26.246,0.94559
0,0,0,-12.674,76.005,-22.706,1.146
0,0,0,-3.7499,91.457,-46.214,1.1705
0,0,0,-8.2454,114.56,-52.148,1.528
0,0,0,-10.324,133.61,-63.081,1.6983
0,0,0,-9.883,124.68,-57.698,1.6108
0,0,0,-11.268,130.05,-60.61,1.6411
0,0,0,-14.575,122.1,-8.4983,2.7936
0,0,0,-16.963,125.12,74.385,5.1493
0,0,0,21.004,132.64,7.9546,4.5588
42,-23.94,18.06,16.435,131.76,-3.6389,4.5872
248.75,-141.79,106.96,-6.094,146.34,-24.103,6.2937
479,-273.03,205.97,-25.343,122.66,13.782,8.9443
686,-391.02,294.98,-31.991,122.59,-8.2277,10.645
849.25,-484.07,365.18,-32.713,114.45,-26.112,11.871
957.25,-545.63,411.62,-46.84,106.73,51.663,14.758
995.75,-567.58,428.17,-46.943,122.41,58.206,15.849
995,-567.15,427.85,-46.669,139.46,59.092,16.354
946.75,-539.65,407.1,-45.902,133.18,76.309,16.099
705.5,-402.13,303.37,-47.991,118.09,71.971,12.566
411.25,-234.41,176.84,-49.161,97.025,62.903,8.1132
151.75,-86.498,65.253,-52.393,62.581,50.912,3.5644
69.5,-39.615,29.885,-18.739,74.797,56.915,4.03
15.5,-8.835,6.665,-20.272,85.55,52.296,3.5047
0,0,0,-17.838,86.159,33.024,2.8589
0,0,0,-16.084,86.87,50.06,3.409
0,0,0,-16.986,64.48,21.145,1.9363
0,0,0,-16.926,50.528,28.965,1.765
0,0,0,-16.319,92.077,63.79,3.9366
0,0,0,-15.42,80.714,55.039,3.3946
0,0,0,-17.803,87.849,56.237,3.5624
0,0,0,-20.36,81.625,50.172,3.1436
0,0,0,-19.841,105.33,65.104,4.2482
0,0,0,15.775,121.24,52.807,5.3547
10.25,-5.8425,4.4075,15.88,127.18,35.161,5.1518
227,-129.39,97.61,-12.173,118.69,20.361,6.3327
350.25,-199.64,150.61,-21.703,98.435,33.873,7.3687
495.75,-282.58,213.17,-31.973,97.322,64.367,9.6728
613.25,-349.55,263.7,-36.277,91.241,50.75,10.421
653.25,-372.35,280.9,-37.365,110.64,57.239,11.606
1019.5,-581.12,438.39,-58.611,95.701,31.289,14.296
577,-328.89,248.11,-38.08,104.73,22.312,9.5086
380,-216.6,163.4,-29.203,81.665,-25.045,5.3829
511.25,-291.41,219.84,-54.032,103.66,21.324,8.2032
116,-66.12,49.88,-14.162,65.726,50.446,4.2848
54.25,-30.923,23.328,-17.607,54.072,51.798,3.1479
50,-28.5,21.5,-25.923,64.748,55.439,3.2657
4,-2.28,1.72,-26.829,80.612,73.829,3.6484
0,0,0,-28.722,90.311,87.651,4.21
0,0,0,-34.714,77.073,65.987,3.0564
0,0,0,-37.417,59.03,52.858,2.1008
0,0,0,-34.052,45.48,44.078,1.5658
0,0,0,-36.337,56.138,43.714,1.7917
0,0,0,-36.225,40.784,17.393,0.61926
0,0,0,-35.162,51.696,-7.5003,0.25484
0,0,0,-32.957,61.344,-17.9,0.29582
0,0,0,-39.451,42.861,10.656,0.3968
0,0,0,-9.2609,37.761,6.964,1.0004
2.5,-1.425,1.075,-12.767,33.348,12.778,0.97136
18,-10.26,7.74,-18.133,24.853,10.215,0.69608
49.5,-28.215,21.285,-23.553,16.071,6.9282,0.58481
109.5,-62.415,47.085,-27.305,12.414,1.5987,0.95328
578.5,-329.75,248.76,-52.337,15.747,2.3045,6.0501
711,-405.27,305.73,-58.051,23.388,3.7455,7.7524
179.75,-102.46,77.293,-34.532,7.3299,-1.8374,1.3612
446.75,-254.65,192.1,-55.226,4.3358,0.3556,3.9936
909.25,-518.27,390.98,-77.187,21.383,1.2526,9.4905
593.25,-338.15,255.1,-77.491,21.903,4.3243,5.7501
324.75,-185.11,139.64,-74.332,15.038,6.1469,2.44
324.25,-184.82,139.43,-77.56,9.1562,3.5686,2.1042
159,-90.63,68.37,-45.619,6.7969,4.0991,0.94918
13.5,-7.695,5.805,-47.476,0.74932,0.51367,-1.1399
0,0,0,-48.372,3.4785,2.9481,-1.1833
0,0,0,-48.779,0,0,-1.376
0,0,0,-49.131,0,0,-1.386
0,0,0,-48.357,5.7938,4.9547,-1.0609
0,0,0,-48.935,9.1646,8.2165,-0.89012
0,0,0,-49.335,10.116,9.0183,-0.85196
0,0,0,-50.494,10.216,9.1979,-0.87675
0,0,0,-51.819,8.0932,7.2482,-1.029
0,0,0,-53.162,4.4624,4.0146,-1.2606
0,0,0,-22.531,3.1046,2.7862,-0.4694
7.25,-4.1325,3.1175,-24.496,3.2362,2.9113,-0.42967
120.25,-68.543,51.708,-37.515,3.5933,3.2436,0.59324
203.25,-115.85,87.398,-41.419,4.0145,3.4139,1.5066
387.75,-221.02,166.73,-51.943,4.6635,2.8167,3.4492
607.5,-346.27,261.23,-61.638,8.4448,4.3586,5.9915
737.75,-420.52,317.23,-66.21,15.051,8.0564,7.7331
839.25,-478.37,360.88,-71.575,18.426,10.091,8.9656
905.5,-516.13,389.37,-73.657,17.213,8.6023,9.6343
819.5,-467.11,352.39,-70.661,8.3622,4.5108,8.3105
711.5,-405.55,305.95,-67.74,6.2254,2.4184,6.9635
463.25,-264.05,199.2,-68.598,6.8374,3.4661,3.9748
294,-167.58,126.42,-70.126,11.145,7.4524,2.1127
138,-78.66,59.34,-41.382,21.435,17.907,1.6164
26.5,-15.105,11.395,-44.521,16.795,14.75,-0.044598
0,0,0,-41.597,17.431,12.226,-0.33683
0,0,0,-33.46,8.8304,2.8604,-0.61411
0,0,0,-27.975,19.707,4.3704,-0.10996
0,0,0,-21.418,32.832,3.8631,0.43095
0,0,0,-17.863,48.549,4.6851,0.9978
0,0,0,-12.906,56.632,2.6845,1.3092
0,0,0,-16.566,36.877,-0.38026,0.56225
0,0,0,-16.44,15.236,-0.84179,-0.057709
0,0,0,-14.113,11.496,-1.7388,-0.1229
0,0,0,26.942,16.711,-2.5925,1.1583
33.25,-18.953,14.298,23.158,14.951,-3.7203,1.3734
237,-135.09,101.91,4.8921,3.0819,-1.1382,3.0677
470.75,-268.33,202.42,-10.86,20.322,-9.4597,5.7103
677,-385.89,291.11,-17.179,0,0,7.7275
837.25,-477.23,360.02,-23.367,0.67433,-0.39923,9.5046
946.25,-539.36,406.89,-22.54,0,0,10.842
994.5,-566.87,427.64,-10.085,0,0,11.779
976.25,-556.46,419.79,-22.638,12.079,3.3984,11.64
875.25,-498.89,376.36,-33.32,22.468,8.6921,10.556
650.25,-370.64,279.61,-32.288,5.4784,1.0428,7.1608
566.5,-322.9,243.6,-29.693,10.441,0.15085,6.3329
365.5,-208.33,157.17,-36.605,25.366,9.0533,4.3719
155,-88.35,66.65,-2.8531,34.8,9.5741,3.0515
16,-9.12,6.88,-7.4632,32.975,11.044,1.2253
0,0,0,-9.4937,38.437,5.8956,0.98278
0,0,0,-13.998,27.112,3.6996,0.4743
0,0,0,-14.254,28.444,8.8141,0.64893
0,0,0,-15.764,38.341,17.236,1.1231
0,0,0,-17.118,43.589,20.897,1.3362
0,0,0,-18.722,50.011,21.578,1.4914
0,0,0,-18.765,39.896,17.632,1.0935
0,0,0,-19.935,37.722,15.993,0.9529
0,0,0,-23.701,48.333,24.707,1.3918
0,0,0,9.2303,58.921,31.96,2.8241
23.25,-13.253,9.9975,5.564,53.627,28.593,2.7584
181,-103.17,77.83,-13.824,56.665,33.611,4.3522
350.5,-199.79,150.72,-24.149,53.869,37.175,6.1387
604,-344.28,259.72,-37.543,57.393,33.184,8.8227
721.75,-411.4,310.35,-42.19,55.037,35.427,10.117
854,-486.78,367.22,-50.178,56.966,32.054,11.455
978.75,-557.89,420.86,-57.819,59.059,22.866,12.552
989.5,-564.01,425.49,-57.18,54.157,22.466,12.551
824.25,-469.82,354.43,-59.65,76.295,35.668,11.474
405,-230.85,174.15,-47.697,60.363,37.699,6.3335
231,-131.67,99.33,-44.542,65.507,52.263,4.8678
109.25,-62.273,46.978,-60.57,63.913,56.915,3.0251
68,-38.76,29.24,-35.822,61.238,52.324,3.0179
11.5,-6.555,4.945,-38.018,57.341,37.409,1.7399
0,0,0,-43.933,38.44,26.333,0.5879
0,0,0,-45.294,32.661,18.79,0.17369
0,0,0,-49.269,18.018,7.7438,-0.66313
0,0,0,-49.862,17.754,-35.014,-1.8935
0,0,0,-52.153,9.9593,-14.325,-1.5944
0,0,0,-53.169,7.1335,5.2379,-1.1509
0,0,0,-50.301,14.784,12.843,-0.63963
0,0,0,-49.171,20.879,18.506,-0.27606
0,0,0,-50.393,18.302,16.274,-0.4462
0,0,0,-23.046,9.113,8.0217,-0.16676
1.5,-0.855,0.645,-22.479,12.192,11.03,0.03917
35.25,-20.092,15.158,-31.171,-4.5515,-4.0558,-0.69455
92.75,-52.868,39.883,-38.61,-12.395,-10.681,-0.61507
461.25,-262.91,198.34,-64.253,-19.848,-18.459,2.7019
580.5,-330.88,249.62,-69.979,-20.006,-18.68,3.9761
721.5,-411.25,310.25,-79.453,-25.323,-23.112,5.1442
679.25,-387.17,292.08,-74.648,-11.604,-11.293,5.4877
799,-455.43,343.57,-85.939,-7.9759,-9.1428,6.7848
613,-349.41,263.59,-82.887,-17.687,-18.328,4.0816
389,-221.73,167.27,-74.677,-20.197,-19.833,1.4828
286,-163.02,122.98,-81.493,-13.47,-13.176,0.41864
126.75,-72.248,54.503,-89.428,-17.524,-15.957,-1.9297
57.25,-32.632,24.618,-59.706,-15.819,-14.063,-1.8328
8.75,-4.9875,3.7625,-60.753,-20.81,-18.333,-2.7119
0,0,0,-61.913,-27.388,-23.728,-3.1885
0,0,0,-62.325,-25.841,-22.36,-3.1179
0,0,0,-62.947,-29.544,-25.562,-3.3302
0,0,0,-63.389,-28.017,-24.177,-3.2605
0,0,0,-63.665,-27.222,-23.434,-3.225
0,0,0,-63.05,-24.228,-21.112,-3.0576
0,0,0,-64.051,-26.609,-23.093,-3.2089
0,0,0,-65.08,-30.889,-26.549,-3.4562
0,0,0,-65.102,-34.416,-29.249,-3.6325
0,0,0,-34.171,-24.701,-21.293,-2.2614
2,-1.14,0.86,-32.627,-8.9719,-7.8385,-1.3703
168.25,-95.902,72.348,-49.724,-13.013,-11.787,-0.06139
425,-242.25,182.75,-64.113,-5.282,-7.4696,2.987
520,-296.4,223.6,-63.346,1.7697,-6.5692,4.3853
407.5,-232.28,175.23,-51.252,5.9111,-6.5463,3.4793
580,-330.6,249.4,-59.638,12.637,-5.7001,5.5488
773.5,-440.9,332.61,-71.714,21.103,3.2252,8.0459
639.5,-364.52,274.99,-65.955,25.726,11.349,6.9426
508.5,-289.85,218.66,-62.899,28.794,16.342,5.6671
346.5,-197.51,149,-59.37,26.151,18.041,3.7749
231,-131.67,99.33,-61.869,31.684,24.68,2.6468
119.75,-68.257,51.493,-79.667,30.649,25.562,0.7909
51.25,-29.213,22.038,-49.085,25.153,21.209,0.54483
10.25,-5.8425,4.4075,-49.585,25.145,22.273,0.063186
0,0,0,-51.201,18.675,16.503,-0.452
0,0,0,-53.4,8.7767,7.1274,-1.0577
0,0,0,-52.101,13.184,11.817,-0.76449
0,0,0,-53.648,7.0086,6.1833,-1.1413
0,0,0,-52.621,9.4764,8.5112,-0.97701
0,0,0,-52.574,9.6876,8.7015,-0.96435
0,0,0,-53.631,5.8686,5.3047,-1.1977
0,0,0,-52.103,10.046,9.079,-0.93029
0,0,0,-51.356,10.354,9.3788,-0.89207
0,0,0,-21.689,8.1592,7.372,-0.17371
3,-1.71,1.29,-24.987,3.0491,2.7959,-0.50359
40,-22.8,17.2,-30.045,0.64662,0.58678,-0.32756
143.5,-81.795,61.705,-37.35,2.3731,1.0768,0.78435
435,-247.95,187.05,-54.446,8.9879,1.8,4.045
796,-453.72,342.28,-71.368,15.418,4.0709,8.1921
757.75,-431.92,325.83,-64.201,17.819,5.027,8.025
859.75,-490.06,369.69,-70.789,22.024,7.741,9.2716
855,-487.35,367.65,-70.664,20.682,7.1278,9.1624
904.5,-515.57,388.94,-67.879,26.69,9.3675,10.074
624.25,-355.82,268.43,-72.906,34.143,18.253,6.9937
267,-152.19,114.81,-67.263,17.548,11.641,2.1647
194,-110.58,83.42,-77.867,21.932,16.842,1.2504
77.75,-44.317,33.433,-47.148,19.853,17.109,0.65577
9.75,-5.5575,4.1925,-47.736,19.592,17.099,-0.19331
0,0,0,-46.791,23.264,21.09,-0.068767
0,0,0,-47.312,18.937,17.183,-0.31571
0,0,0,-47.865,13.241,12.047,-0.63689
0,0,0,-47.709,15.975,14.567,-0.4843
0,0,0,-47.757,14.432,10.284,-0.64998
0,0,0,-47.14,15.453,7.4616,-0.68339
0,0,0,-47.129,17.459,4.8884,-0.69908
0,0,0,-47.856,12.978,3.5776,-0.88295
0,0,0,-49.263,10.833,2.7614,-1.0062
0,0,0,-19.879,7.6822,2.7629,-0.26612
26.25,-14.963,11.288,-24.522,7.4098,1.8917,-0.11095
220.75,-125.83,94.923,-39.052,11.485,-0.12648,1.8965
439.5,-250.51,188.99,-52.189,12.697,-0.22366,4.2108
646,-368.22,277.78,-63.078,11.719,1.6868,6.4349
806.75,-459.85,346.9,-62.808,1.153,0.20736,8.0526
932,-531.24,400.76,-64.3,0,0,9.4914
963.25,-549.05,414.2,-59.149,0,0,10.016
992,-565.44,426.56,-55.872,0,0,10.457
373,-212.61,160.39,-34.431,9.3093,3.7593,3.9219
478.25,-272.6,205.65,-60.763,6.115,2.256,4.3233
601.5,-342.85,258.65,-65.35,17.259,4.5873,6.069
317.75,-181.12,136.63,-66.48,14.168,3.0804,2.4655
48.5,-27.645,20.855,-37.427,15.386,7.176,0.16898
17.75,-10.118,7.6325,-39.696,10.113,7.4852,-0.40804
0,0,0,-38.612,0,0,-1.0892
0,0,0,-36.219,0,0,-1.0217
0,0,0,-38.136,8.3418,-6.6342,-1.0276
0,0,0,-39.195,35.665,-46.625,-1.4149
0,0,0,-34.842,19.624,-23.316,-1.087
0,0,0,-33.273,4.3907,-4.8865,-0.9526
0,0,0,-32.221,0,0,-0.90893
0,0,0,-36.124,0.31993,-0.42183,-1.0219
0,0,0,-36.312,0,0,-1.0243
0,0,0,3.1286,12.444,-14.294,0.036069
20.5,-11.685,8.815,-8.0901,24.677,-26.124,-0.020366
207.5,-118.28,89.225,-27.571,38.014,-32.015,1.9085
413,-235.41,177.59,-33.921,55.053,-39.207,4.4999
649,-369.93,279.07,-44.259,64.418,-40.388,7.3018
779.25,-444.17,335.08,-48.842,60.673,-39.888,8.6609
821,-467.97,353.03,-50.757,51.467,-32.56,9.0604
942,-536.94,405.06,-58.694,28.823,-18.946,10.05
936.75,-533.95,402.8,-55.767,41.742,-23.133,10.315
869.25,-495.47,373.78,-52.614,34.346,-8.1713,9.7983
725.25,-413.39,311.86,-54.586,51.667,-15.429,8.2798
577.25,-329.03,248.22,-56.316,51.153,-11.441,6.5337
357,-203.49,153.51,-58.273,51.529,-9.747,3.8653
145.25,-82.793,62.458,-27.06,53.897,-13.628,2.1345
17.5,-9.975,7.525,-25.896,67.607,-41.029,0.23154
0,0,0,-27.071,68.051,-48.794,-0.22042
0,0,0,-29.998,56.969,-41.763,-0.41728
0,0,0,-30.804,59.418,-56.759,-0.79396
0,0,0,-32.399,62.27,-77.949,-1.3562
0,0,0,-33.992,50.178,-62.73,-1.313
0,0,0,-30.661,50.988,-26.672,-0.17899
0,0,0,-31.148,52.915,-24.928,-0.089169
0,0,0,-32.751,45.965,-30.796,-0.496
0,0,0,-33.541,48.763,-28.251,-0.36757
0,0,0,2.1027,51.262,-61.174,-0.22031
3,-1.71,1.29,-1.698,50.833,-71.459,-0.59337
130,-74.1,55.9,-14.704,49.973,-78.408,0.35996
236.25,-134.66,101.59,-17.727,50.386,-66.031,1.9243
457.75,-260.92,196.83,-28.607,32.676,-28.438,4.8651
877,-499.89,377.11,-41.983,0,0,9.4538
803.5,-457.99,345.51,-31.73,0,0,8.8515
899.25,-512.57,386.68,-44.824,0,0,9.6436
983.25,-560.45,422.8,-44.365,0,0,10.675
913.5,-520.69,392.81,-49.645,0,0,9.6804
755.25,-430.49,324.76,-45.18,0,0,7.8868
586.25,-334.16,252.09,-49.689,5.2701,0.24031,5.865
361,-205.77,155.23,-50.013,0,0,2.9681
148,-84.36,63.64,-15.622,0,0,1.3546
16.75,-9.5475,7.2025,-21.619,62.103,-56.759,-0.25594
0,0,0,-23.383,90.746,-88.982,-0.60985
0,0,0,-21.488,104.71,-97.615,-0.40609
0,0,0,-18.16,113.59,-84.028,0.32169
0,0,0,-16.921,113.51,-86.996,0.27068
0,0,0,-15.483,114.02,-88.017,0.29676
0,0,0,-15.036,110.61,-79.015,0.46698
0,0,0,-19.599,96.449,-77.692,-0.023746
0,0,0,-21.54,97.125,-82.762,-0.20247
0,0,0,-18.28,114.79,-97.24,-0.020705
0,0,0,12.284,98.396,-84.878,0.72785
13.5,-7.695,5.805,9.5841,87.567,-79.863,0.65144
199,-113.43,85.57,-12.324,94.001,-85.807,2.2974
436.5,-248.8,187.7,-26.288,110.87,-86.195,5.2494
652.75,-372.07,280.68,-38.054,100.82,-83.783,7.3249
823.25,-469.25,354,-42.124,103.73,-82.708,9.3908
940,-535.8,404.2,-44.905,123.37,-92.795,10.998
993.5,-566.29,427.21,-44.813,128.46,-88.476,11.915
981.75,-559.6,422.15,-44.962,140.54,-88.308,12.114
903.75,-515.14,388.61,-48.753,126.26,-63.71,11.352
765.5,-436.34,329.17,-48.037,115.24,-68.231,9.2568
578.5,-329.75,248.76,-45.054,133.38,-77.517,7.3221
354.25,-201.92,152.33,-55.576,89.762,-12.525,4.9082
114,-64.98,49.02,-21.458,78.071,-5.1692,2.834
8,-4.56,3.44,-22.661,82.223,-11.351,1.457
0,0,0,-20.297,101.25,-86.679,-0.1616
0,0,0,-15.1,146.06,-146.62,-0.44176
0,0,0,-16.883,130.24,-112.81,0.015437
0,0,0,-17.345,117.74,-82.868,0.49456
0,0,0,-18.396,130.07,-58.755,1.4929
0,0,0,-21.423,118.31,-17.657,2.2351
0,0,0,-23.838,121.22,-117.09,-0.55616
0,0,0,-21.652,132.84,-116.15,-0.13984
0,0,0,-19.271,133.41,-129.25,-0.42602
0,0,0,13.832,141.48,-161.52,-0.17518
15.75,-8.9775,6.7725,10.976,117.4,-131.02,0.11639
193.5,-110.29,83.205,-11.67,140.58,-152.93,1.6697
431,-245.67,185.33,-33.888,104.18,-122.58,3.753
645,-367.65,277.35,-41.234,130.56,-150.75,6.0912
814.75,-464.41,350.34,-47.342,131.7,-136.91,8.4007
928.25,-529.1,399.15,-60.385,89.886,-103.5,9.1724
979,-558.03,420.97,-68.624,55.216,-23.497,10.834
895,-510.15,384.85,-70.412,53.321,2.8835,10.456
381,-217.17,163.83,-47.587,44.949,36.062,5.5645
239.25,-136.37,102.88,-40.456,52.423,46.528,4.5523
111.25,-63.413,47.838,-32.489,61.579,56.508,3.7642
29.5,-16.815,12.685,-31.593,74.06,69.252,3.5094
15.25,-8.6925,6.5575,-39.341,59.043,55.621,2.3098
1,-0.57,0.43,-41.67,44.546,41.369,1.2603
0,0,0,-43.468,29.519,26.807,0.36272
0,0,0,-45.335,14.834,13.407,-0.4822
0,0,0,-45.088,12.198,11.049,-0.61609
0,0,0,-47.907,12.499,11.263,-0.68113
0,0,0,-47.002,15.813,14.341,-0.47524
0,0,0,-47.667,15.41,14.05,-0.51363
0,0,0,-46.525,18.907,17.126,-0.29597
0,0,0,-46.879,16.109,14.517,-0.45848
0,0,0,-50.798,5.8994,5.211,-1.1196
0,0,0,-21.773,5.8455,5.2717,-0.30059
0.5,-0.285,0.215,-22.758,4.5828,4.0995,-0.391
41.75,-23.797,17.953,-27.885,4.984,4.1578,-0.022306
323.5,-184.39,139.11,-52.657,5.4368,-1.7786,2.5419
666.25,-379.76,286.49,-71.529,12.189,-6.918,6.2126
854.5,-487.06,367.44,-78.959,11.098,-8.6541,8.2067
937,-534.09,402.91,-77.901,15.493,-3.9195,9.4949
863.5,-492.19,371.31,-77.991,13.423,0.59522,8.6697
695.75,-396.58,299.17,-70.951,18.257,0.31953,6.9621
636,-362.52,273.48,-76.186,19.68,-4.309,5.9992
447.25,-254.93,192.32,-75.355,16.106,-4.8452,3.6171
218,-124.26,93.74,-66.77,12.599,0.31524,1.1251
77.75,-44.317,33.433,-82.474,10.624,8.0378,-0.85701
27.25,-15.533,11.718,-52.816,9.5611,8.384,-0.65315
3,-1.71,1.29,-53.742,6.3479,5.6959,-1.1399
0,0,0,-56.504,-3.1325,-2.9037,-1.7642
0,0,0,-58.25,-9.6402,-17.539,-2.4099
0,0,0,-59.964,-17.372,-23.269,-2.838
0,0,0,-61.246,-26.222,-74.993,-4.583
0,0,0,-61.892,-26.013,-40.816,-3.6312
0,0,0,-58.598,-11.041,-9.2908,-2.2266
0,0,0,-57.395,-5.2654,-4.4289,-1.8926
0,0,0,-56.726,-4.6084,-3.8445,-1.8387
0,0,0,-55.24,1.4574,1.4406,-1.4765
0,0,0,-24.251,5.3511,4.8717,-0.39573
2.5,-1.425,1.075,-23.768,10.062,9.1028,-0.099527
28.25,-16.102,12.148,-25.68,15.554,13.851,0.44777
148,-84.36,63.64,-35.555,15.46,12.402,1.5783
306,-174.42,131.58,-45.528,16.988,11.486,3.2307
280.5,-159.88,120.62,-40.843,19.941,14.069,3.2097
264.5,-150.76,113.74,-38.702,21.526,15.763,3.1686
294,-167.58,126.42,-40.627,24.918,18.537,3.646
250.25,-142.64,107.61,-40.135,23.25,16.415,3.0223
188,-107.16,80.84,-38.08,20.541,16.567,2.2531
117.25,-66.832,50.418,-34.745,31.126,26.522,2.0684
91.25,-52.013,39.238,-36.834,47.466,41.938,2.5899
40.5,-23.085,17.415,-53.019,46.495,42.036,1.4931
12,-6.84,5.16,-45.282,54.748,50.158,1.8275
0.75,-0.4275,0.3225,-44.981,58.141,53.5,1.8896
0,0,0,-43.425,63.924,58.874,2.2391
0,0,0,-42.314,66.523,61.854,2.4278
0,0,0,-42.65,71.849,67.013,2.7141
0,0,0,-42.427,75.994,70.723,2.942
0,0,0,-42.322,71.473,66.468,2.6974
0,0,0,-42.727,78.228,72.107,3.0356
0,0,0,-45.445,60.821,55.396,1.9964
0,0,0,-45.906,56.96,52.101,1.7816
0,0,0,-44.67,60.797,55.912,2.0322
0,0,0,-12.957,62.747,57.653,3.031
1,-0.57,0.43,-12.117,77.551,71.773,3.8827
29.75,-16.958,12.793,-14.287,89.091,82.522,4.799
102,-58.14,43.86,-18.601,99.312,93.002,6.1377
152.75,-87.068,65.683,-20.332,105.54,97.734,7.0135
113.5,-64.695,48.805,-17.339,84.824,77.569,5.4687
176,-100.32,75.68,-22.329,81.315,74.083,5.8888
317.75,-181.12,136.63,-33.198,74.296,65.113,6.8505
315.5,-179.83,135.67,-36.044,67.894,57.867,6.358
361.75,-206.2,155.55,-44.119,76.233,65.187,7.1329
246,-140.22,105.78,-44.081,62.768,53.447,5.0189
124.5,-70.965,53.535,-40.385,57.322,51.295,3.435
98.5,-56.145,42.355,-73.249,61.128,56.357,2.4427
30,-17.1,12.9,-43.813,54.776,49.894,2.0807
2.5,-1.425,1.075,-46.889,37.895,34.501,0.74986
0,0,0,-48.28,32.619,29.645,0.39445
0,0,0,-49.895,23.525,21.39,-0.14049
0,0,0,-50.552,22.741,18.987,-0.24894
0,0,0,-52.559,13.959,12.217,-0.74425
0,0,0,-53.433,7.5632,6.7364,-1.104
0,0,0,-55.152,1.3697,1.0021,-1.4889
0,0,0,-55.444,0.38619,-8.0735,-1.7809
0,0,0,-58.252,0,0,-1.6433
0,0,0,-60.72,0,0,-1.7129
0,0,0,-8.9179,33.367,-47.654,-0.65459
4,-2.28,1.72,-9.6195,53.688,-83.035,-1.0507
143,-81.51,61.49,-25.004,31.174,-54.024,0.38465
413.25,-235.55,177.7,-29.438,68.883,-87.209,3.6654
636.75,-362.95,273.8,-38.288,75.883,-89.469,6.2605
805,-458.85,346.15,-44.107,80.623,-89.675,8.2652
919.5,-524.12,395.39,-48.605,66.368,-61.826,9.9107
958,-546.06,411.94,-58.743,6.9452,-0.74935,10.138
977.5,-557.17,420.33,-56.771,35.757,-26.363,10.521
891.5,-508.16,383.35,-57.742,27.926,-19.818,9.4139
756.75,-431.35,325.4,-56.991,0,0,7.5718
552.5,-314.92,237.58,-57.217,0,0,5.0878
349,-198.93,150.07,-56.658,0,0,2.6351
136.75,-77.947,58.803,-22.605,33.367,-34.727,0.98274
9.75,-5.5575,4.1925,-20.486,101.82,-107.03,-0.60659
0,0,0,-16.924,119.15,-123.77,-0.60751
0,0,0,-16.385,119.8,-129.92,-0.74769
0,0,0,-18.412,119.56,-132.12,-0.87373
0,0,0,-21.29,101.86,-116.46,-1.0125
0,0,0,-18.1,106.81,-112.51,-0.67139
0,0,0,-16.963,107.46,-110.7,-0.56989
0,0,0,-13.266,123.77,-123.91,-0.37805
0,0,0,-13.703,120.41,-125.27,-0.52359
0,0,0,-13.677,115.83,-120.32,-0.51246
0,0,0,21.677,108.55,-111.26,0.53506
9,-5.13,3.87,17.925,99.99,-101.14,0.58246
163.75,-93.337,70.413,-2.8792,92.387,-83.599,2.153
391.5,-223.15,168.35,-17.171,103.81,-86.764,4.7454
602,-343.14,258.86,-25.276,51.004,-37.495,6.9704
771.5,-439.76,331.75,-37.487,80.993,-68.316,8.6585
889.5,-507.02,382.49,-44.158,148.21,-132.84,9.9779
936,-533.52,402.48,-49.977,133.07,-105.49,10.722
866,-493.62,372.38,-48.707,133.75,-88.507,10.407
789.75,-450.16,339.59,-51.505,147.28,-54.401,10.747
765.25,-436.19,329.06,-56.318,117.74,-23.176,10.361
347.5,-198.08,149.43,-69.543,59.293,31.756,4.8219
89,-50.73,38.27,-71.221,65.582,49.339,2.3124
24.25,-13.822,10.428,-41.643,59.974,45.538,2.0959
2.25,-1.2825,0.9675,-42.487,50.195,36.79,1.2826
0,0,0,-42.638,54.853,29.88,1.1875
0,0,0,-41.227,67.601,4.6596,0.87544
0,0,0,-36.973,83.585,-28.998,0.49689
0,0,0,-45.915,19.057,13.154,-0.38658
0,0,0,-45.026,14.512,-1.038,-0.89007
0,0,0,-36.946,43.693,-47.12,-1.1389
0,0,0,-54.177,0,0,-1.5283
0,0,0,-56.132,0,0,-1.5835
0,0,0,-55.04,0.77209,-18.924,-2.0647
0,0,0,-24.739,1.0892,-29.287,-1.4933
5.5,-3.135,2.365,-7.5877,29.352,-51.832,-0.78149
153,-87.21,65.79,-28.122,33.846,-40.281,0.88109
382.75,-218.17,164.58,-38.721,48.7,-36.499,3.8947
596.75,-340.15,256.6,-46.901,59.167,-28.387,6.7839
770.5,-439.19,331.32,-53.881,54.369,-16.522,8.894
892.5,-508.73,383.78,-69.7,29.143,-1.3688,9.6435
951,-542.07,408.93,-61.698,46.745,-6.7225,10.924
945.75,-539.08,406.67,-62.276,48.194,-34.784,10.094
873.5,-497.89,375.61,-69.209,29.094,5.7775,9.6271
711.25,-405.41,305.84,-70.354,25.962,13.491,7.7559
506.75,-288.85,217.9,-72.976,22.852,10.717,5.0353
345.5,-196.94,148.57,-69.516,26.622,12.424,3.3314
117.25,-66.832,50.418,-39.732,28.741,2.8438,1.1924
7,-3.99,3.01,-30.763,51.44,-52.653,-0.8171
0,0,0,-31.159,49.554,-53.008,-0.97641
0,0,0,-31.844,42.365,-53.622,-1.2159
0,0,0,-30.922,52.486,-70.756,-1.3877
0,0,0,-29.345,47.988,-58.899,-1.1356
0,0,0,-28.062,55.794,-66.941,-1.1061
0,0,0,-28.726,57.359,-67.845,-1.1062
0,0,0,-27.424,68.368,-77.742,-1.0381
0,0,0,-26.714,66.68,-77.927,-1.0709
0,0,0,-24.532,72.484,-74.501,-0.74895
0,0,0,9.9787,68.124,-65.191,0.36423
2,-1.14,0.86,12.145,77.157,-70.475,0.55538
56.5,-32.205,24.295,9.4151,95.212,-89.861,1.1019
229.5,-130.82,98.685,-3.8578,98.234,-89.096,2.9328
453.25,-258.35,194.9,-17.842,115.71,-107.93,5.2142
721.75,-411.4,310.35,-35.425,112.32,-103.49,8.0048
816,-465.12,350.88,-38.981,104.35,-93.761,9.0972
796,-453.72,342.28,-39.587,84.597,-77.418,8.7414
657.25,-374.63,282.62,-35.521,123.4,-117.67,7.132
661.75,-377.2,284.55,-46.2,141.61,-144.12,6.6531
475,-270.75,204.25,-50.045,122.95,-124.87,4.2957
550.75,-313.93,236.82,-50.555,137.27,-142.5,5.107
305.5,-174.13,131.37,-58.773,109.57,-102.79,2.239
61.5,-35.055,26.445,-29.627,83.757,-69.049,0.32516
2.5,-1.425,1.075,-37.417,72.42,-12.044,0.67801
0,0,0,-40.669,61.012,54.745,2.1182
0,0,0,-40.702,67.077,29.205,1.5679
0,0,0,-41.194,62.479,22.723,1.2415
0,0,0,-42.305,67.654,-2.0389,0.65759
0,0,0,-46.39,38.175,-3.7603,-0.33783
0,0,0,-44.687,46.042,-20.947,-0.55268
0,0,0,-44.442,45.087,32.452,0.93364
0,0,0,-43.645,51.215,39.84,1.3374
0,0,0,-41.684,60.956,54.463,2.08
0,0,0,-9.3582,45.622,41.57,2.1957
0.5,-0.285,0.215,-13.143,48.607,43.761,2.241
23.25,-13.253,9.9975,-18.799,38.128,34.055,1.7879
76.25,-43.463,32.788,-24.12,32.217,28.12,1.9466
121.75,-69.398,52.353,-27.164,27.673,23.82,2.1632
176,-100.32,75.68,-29.872,28.481,23.116,2.7478
204.75,-116.71,88.043,-33.162,23.419,18.581,2.733
214.25,-122.12,92.128,-35.069,19.951,15.514,2.6101
182.25,-103.88,78.368,-35.696,15.939,11.433,1.9759
198.25,-113,85.248,-37.444,31.753,25.579,2.9658
124.75,-71.108,53.643,-33.029,39.99,34.432,2.6809
109.25,-62.273,46.978,-43.785,32.432,27.289,1.7748
57.25,-32.632,24.618,-79.234,31.875,27.332,0.12948
21.5,-12.255,9.245,-50.692,22.672,19.893,0.03155
1.25,-0.7125,0.5375,-50.895,20.836,18.829,-0.30162
0,0,0,-50.715,21.337,19.244,-0.28588
0,0,0,-52.863,10.459,9.4485,-0.92967
0,0,0,-54.65,2.9315,2.6959,-1.3829
0,0,0,-58.089,-6.8543,-8.046,-2.059
0,0,0,-59.42,-10.361,-29.657,-2.8051
0,0,0,-58.909,-8.0645,-35.576,-2.8929
0,0,0,-59.31,-8.5634,-33.287,-2.8537
0,0,0,-59.86,-10.059,-49.518,-3.3693
0,0,0,-54.149,3.9469,-78.64,-3.6346
0,0,0,-23.223,6.3181,-75.466,-2.6058
3.25,-1.8525,1.3975,-25.692,1.8195,-54.404,-2.1687
147.5,-84.075,63.425,-41.148,10.533,-86.003,-1.5006
376,-214.32,161.68,-55.663,12.511,-72.784,1.2904
599.25,-341.57,257.68,-61.581,13.804,-33.847,4.9664
774.5,-441.47,333.04,-70.904,9.3168,-14.949,7.2358
898.75,-512.29,386.46,-73.183,4.3811,-4.7618,8.8268
950.5,-541.78,408.72,-71.275,9.5275,-8.0134,9.5618
927,-528.39,398.61,-64.277,0,0,9.4314
844.75,-481.51,363.24,-64.312,1.8784,-0.54925,8.4702
666.5,-379.9,286.6,-67.249,4.3216,-0.98707,6.2817
457,-260.49,196.51,-72.603,7.6107,-1.9184,3.6559
226,-128.82,97.18,-74.398,5.5717,-0.22844,0.79339
48.25,-27.502,20.748,-48.021,4.198,-3.3461,-0.74534
1.75,-0.9975,0.7525,-47.642,18.396,-73.373,-2.8736
0,0,0,-50.272,9.8468,-45.35,-2.4197
0,0,0,-51.428,4.5301,-15.64,-1.7642
0,0,0,-55.969,0,0,-1.5789
0,0,0,-56.172,-0.62247,-12.74,-1.9615
0,0,0,-56.09,-0.66123,-21.827,-2.2167
0,0,0,-55.636,-0.079861,-20.199,-2.1415
0,0,0,-56.884,-1.635,-13.88,-2.0424
0,0,0,-60.46,-5.6621,-6.0408,-2.0357
0,0,0,-61.136,-8.4395,-8.2193,-2.1946
0,0,0,-32.395,-10.072,-13.37,-1.5751
1.5,-0.855,0.645,-31.18,-6.8136,-23.627,-1.7201
156.75,-89.347,67.403,-45.894,0.54183,-32.521,-0.29537
390.5,-222.58,167.92,-62.125,1.0965,-11.758,2.6835
526.75,-300.25,226.5,-64.837,4.1502,-13.227,4.3045
535,-304.95,230.05,-60.983,4.5892,-3.7638,4.7926
614,-349.98,264.02,-65.374,5.2758,-6.6733,5.5643
747,-425.79,321.21,-74.685,7.9736,-5.3839,7.0274
642.75,-366.37,276.38,-71.771,8.6435,-1.0245,5.987
264.75,-150.91,113.84,-47.316,9.1563,1.5643,2.1791
264.75,-150.91,113.84,-58.621,8.8038,3.4566,1.9036
178,-101.46,76.54,-67.684,7.2897,-0.57589,0.43922
53.25,-30.353,22.898,-84.604,3.3165,2.1045,-1.5878
27.5,-15.675,11.825,-54.114,5.4121,4.2295,-0.92097
1.5,-0.855,0.645,-54.741,2.9439,2.3198,-1.3776
0,0,0,-56.009,-1.4883,-1.1651,-1.6548
0,0,0,-55.808,-0.84314,-0.60507,-1.6152
0,0,0,-57.265,-6.1381,-5.1642,-1.9342
0,0,0,-57.098,-5.793,-4.8647,-1.9114
0,0,0,-57.295,-5.8466,-4.9181,-1.92
0,0,0,-57.097,-5.1175,-4.2957,-1.8762
0,0,0,-57.718,-6.3232,-5.3199,-1.9567
0,0,0,-58.689,-10.463,-8.8096,-2.1993
0,0,0,-58.779,-12.6,-10.617,-2.3131
0,0,0,-29.243,-12.597,-10.602,-1.4794
0.75,-0.4275,0.3225,-26.449,-2.5012,-2.0234,-0.86466
77.5,-44.175,33.325,-36.257,-1.4163,-1.2601,-0.15821
111.25,-63.413,47.838,-36.684,-1.4104,-1.811,0.22376
295.25,-168.29,126.96,-48.315,3.9711,-1.5687,2.2862
444.5,-253.36,191.14,-55.893,8.6126,-0.062546,4.0563
312.5,-178.12,134.38,-45.335,10.25,4.824,2.937
365.5,-208.33,157.17,-49.659,12.387,5.6368,3.5412
257,-146.49,110.51,-44.984,7.7924,2.7487,2.1458
112.5,-64.125,48.375,-32.555,18.492,15.314,1.3999
69.25,-39.472,29.778,-30.929,19.317,17.161,0.99654
43.5,-24.795,18.705,-32.267,18.744,16.568,0.61357
16.75,-9.5475,7.2025,-81.539,24.917,21.848,-0.77776
7.75,-4.4175,3.3325,-50.425,25.124,22.281,0.0087983
0.5,-0.285,0.215,-55.528,0.17933,0.10419,-1.5524
0,0,0,-61.644,-25.074,-21.435,-3.051
0,0,0,-64.128,-31.367,-27.061,-3.4573
0,0,0,-66.957,-43.23,-36.401,-4.1352
0,0,0,-68.943,-47.423,-39.613,-4.4001
0,0,0,-69.585,-50.401,-41.838,-4.565
0,0,0,-70.834,-58.995,-49.045,-5.046
0,0,0,-72.369,-70.005,-57.311,-5.6331
0,0,0,-73.085,-67.438,-55.075,-5.5178
0,0,0,-74.326,-64.331,-51.912,-5.3759
0,0,0,-46.859,-72.167,-57.929,-4.9918
1.25,-0.7125,0.5375,-47.025,-70.452,-56.791,-4.9009
104,-59.28,44.72,-58.568,-65.708,-53.303,-3.7479
291.5,-166.16,125.35,-69.504,-58.516,-49.156,-1.4621
443.75,-252.94,190.81,-74.199,-49.849,-42.892,0.67344
434.75,-247.81,186.94,-66.056,-29.22,-26.624,1.8348
612,-348.84,263.16,-74.44,-22.353,-22.252,4.0654
669,-381.33,287.67,-78.117,-16.092,-17.349,4.9681
622,-354.54,267.46,-78.446,-9.6944,-11.576,4.732
456.75,-260.35,196.4,-74.324,-15.111,-15.65,2.576
328.75,-187.39,141.36,-76.491,-22.684,-21.915,0.57188
213,-121.41,91.59,-86.413,-19.338,-18.044,-0.9085
99.25,-56.572,42.678,-88.366,-14.519,-13.225,-2.0715
29.75,-16.958,12.793,-59.142,-7.7541,-6.9795,-1.7231
1.25,-0.7125,0.5375,-60.265,-7.5251,-6.6628,-2.0851
0,0,0,-58.74,-6.2541,-5.4041,-1.9859
0,0,0,-56.608,-1.1679,-0.99434,-1.6579
0,0,0,-56.405,0,0,-1.5912
0,0,0,-56.133,0,0,-1.5835
0,0,0,-56.073,-1.0431,-0.83051,-1.6346
0,0,0,-54.821,2.5926,2.3831,-1.4061
0,0,0,-49.513,19.274,17.248,-0.36646
0,0,0,-47.934,26.034,24.067,0.061141
0,0,0,-47.175,25.271,23.366,0.041245
0,0,0,-15.638,28.783,26.665,1.123
1.25,-0.7125,0.5375,-15.889,25.445,23.575,0.94978
153.25,-87.353,65.898,-33.946,30.671,17.341,2.2557
376.25,-214.46,161.79,-45.715,40.801,-2.9458,4.3423
584.75,-333.31,251.44,-53.805,53.649,-4.9583,6.9488
752.75,-429.07,323.68,-65.236,45.894,9.1874,8.8445
867.75,-494.62,373.13,-67.679,44.092,18.912,10.394
921.5,-525.26,396.25,-58.122,50.087,-6.3184,10.773
913.25,-520.55,392.7,-46.28,64.096,-29.007,10.762
836.75,-476.95,359.8,-49.32,56.788,-16.736,9.8885
700.5,-399.28,301.22,-51.593,49.102,7.0404,8.6255
522.25,-297.68,224.57,-57.642,19.724,12.255,5.611
271.25,-154.61,116.64,-62.54,29.001,11.799,2.677
94.5,-53.865,40.635,-28.263,50.375,15.55,2.2087
2,-1.14,0.86,-30.041,44.423,23.259,1.0861
0,0,0,-33.494,36.128,26.37,0.81818
0,0,0,-32.779,45.057,28.216,1.1423
0,0,0,-33.799,59.589,22.189,1.3535
0,0,0,-36.343,60.602,34.219,1.6496
0,0,0,-38.791,56.683,39.142,1.6089
0,0,0,-39.137,55.273,44.239,1.7032
0,0,0,-40.891,50.479,45.809,1.5627
0,0,0,-41.079,49.688,46.15,1.5447
0,0,0,-42.47,49.945,46.461,1.5215
0,0,0,-10.605,50.407,47.032,2.4496
0.5,-0.285,0.215,-14.045,37.939,34.489,1.653
71,-40.47,30.53,-24.218,37.477,33.754,2.1875
277.5,-158.17,119.33,-38.948,52.412,45.714,5.0355
452.25,-257.78,194.47,-47.99,56.561,45.674,7.0161
610,-347.7,262.3,-56.59,50.849,38.181,8.3145
727.25,-414.53,312.72,-62.402,60.082,44.494,10.011
670,-381.9,288.1,-59.409,63.845,48.635,9.6243
659,-375.63,283.37,-63.192,66.621,53.036,9.5866
507,-288.99,218.01,-59.269,76.685,63.306,8.4271
397.5,-226.57,170.93,-66.097,73.965,56.292,6.6317
210.75,-120.13,90.623,-70.461,50.305,40.292,3.1245
98.25,-56.002,42.248,-42.359,40.126,34.214,2.094
29.25,-16.672,12.578,-43.567,35.379,29.617,0.95934
1.25,-0.7125,0.5375,-43.984,27.099,21.947,0.15795
0,0,0,-43.84,24.644,19.025,-0.0048303
0,0,0,-44.929,6.1825,4.4219,-0.96829
0,0,0,-38.162,28.832,-30.223,-1.1158
0,0,0,-30.3,43.866,-57.904,-1.2508
0,0,0,-25.128,40.52,-50.759,-0.9977
0,0,0,-32.351,22.065,-30.048,-1.1378
0,0,0,-36.948,31.681,-56.354,-1.7383
0,0,0,-39.286,37.157,-71.884,-2.0879
0,0,0,-35.925,43.317,-68.91,-1.7354
0,0,0,-9.7724,30.182,-33.144,-0.35924
0.75,-0.4275,0.3225,-11.118,27.741,-27.593,-0.30037
118.25,-67.403,50.848,-31.047,22.577,-11.614,0.86781
342.5,-195.22,147.28,-49.35,19.114,1.5386,3.345
555.25,-316.49,238.76,-60.113,18.658,3.2484,5.6575
727,-414.39,312.61,-67.194,21.48,4.041,7.643
844,-481.08,362.92,-71.759,28.561,1.5277,9.0623
899.5,-512.72,386.79,-66.295,39.548,-2.1704,10.095
887,-505.59,381.41,-62.612,47.361,-9.9791,10.048
809,-461.13,347.87,-59.885,63.107,-6.7409,9.714
672.75,-383.47,289.28,-58.898,60.661,-6.2613,8.0337
488.25,-278.3,209.95,-54.694,83.345,-33.923,5.7738
273.75,-156.04,117.71,-16.613,91.732,-55.525,3.8734
81.25,-46.312,34.938,-16.996,109.55,-81.773,1.2898
1.5,-0.855,0.645,-17.226,90.971,-73.514,0.0247
0,0,0,-14.375,98.625,-72.819,0.32246
0,0,0,-12.944,118.71,-78.68,0.76399
0,0,0,-15.79,104.83,-75.473,0.38274
0,0,0,NaN,NaN,NaN,NaN
0,0,0,NaN,NaN,NaN,NaN
0,0,0,NaN,NaN,NaN,NaN
0,0,0,NaN,NaN,NaN,NaN
0,0,0,NaN,NaN,NaN,NaN
0,0,0,NaN,NaN,NaN,NaN
0,0,0,NaN,NaN,NaN,NaN
0.75,-0.4275,0.3225,NaN,NaN,NaN,NaN
124.75,-71.108,53.643,NaN,NaN,NaN,NaN
354.25,-201.92,152.33,NaN,NaN,NaN,NaN
569.75,-324.76,244.99,NaN,NaN,NaN,NaN
738.75,-421.09,317.66,NaN,NaN,NaN,NaN
854,-486.78,367.22,NaN,NaN,NaN,NaN
910.25,-518.84,391.41,NaN,NaN,NaN,NaN
897.5,-511.58,385.93,NaN,NaN,NaN,NaN
813.5,-463.69,349.81,NaN,NaN,NaN,NaN
683.5,-389.59,293.91,NaN,NaN,NaN,NaN
421,-239.97,181.03,NaN,NaN,NaN,NaN
214,-121.98,92.02,NaN,NaN,NaN,NaN
73.25,-41.753,31.498,NaN,NaN,NaN,NaN
2,-1.14,0.86,NaN,NaN,NaN,NaN
0,0,0,NaN,NaN,NaN,NaN
0,0,0,NaN,NaN,NaN,NaN
0,0,0,NaN,NaN,NaN,NaN
